,Smu_UA159,Smu_NN2025,Smu_GS-5,Smu_LJ23,Smu_UA140,Smu_NG8,Smu_LAR01,Smu_LP13,Smu_B04Sm5,Smu_T8,Ssl_JIM8777,Ssl_ATCC27945,Ssl_HSISS4
Smu_UA159,100.0,98.491,99.371,99.119,98.742,99.874,99.245,99.497,99.119,99.245,51.097,50.535,51.187
Smu_NN2025,98.491,100.0,98.113,98.616,99.497,98.616,98.491,98.742,98.616,97.987,50.129,50.0,51.931
Smu_GS-5,99.371,98.113,100.0,98.742,98.365,99.497,99.623,99.119,98.742,99.874,50.708,49.679,50.579
Smu_LJ23,99.119,98.616,98.742,100.0,98.868,99.245,99.119,99.371,99.748,98.616,51.432,50.0,51.265
Smu_UA140,98.742,99.497,98.365,98.868,100.0,98.868,98.742,98.994,98.868,98.239,51.432,49.482,51.531
Smu_NG8,99.874,98.616,99.497,99.245,98.868,100.0,99.371,99.623,99.245,99.371,51.097,49.679,51.187
Smu_LAR01,99.245,98.491,99.623,99.119,98.742,99.371,100.0,99.497,99.119,99.497,50.708,49.679,50.579
Smu_LP13,99.497,98.742,99.119,99.371,98.994,99.623,99.497,100.0,99.371,98.994,50.839,49.422,50.923
Smu_B04Sm5,99.119,98.616,98.742,99.748,98.868,99.245,99.119,99.371,100.0,98.616,51.432,50.0,51.265
Smu_T8,99.245,97.987,99.874,98.616,98.239,99.371,99.497,98.994,98.616,100.0,50.837,49.807,50.708
Ssl_JIM8777,51.097,50.129,50.708,51.432,51.432,51.097,50.708,50.839,51.432,50.837,100.0,96.91,99.485
Ssl_ATCC27945,50.535,50.0,49.679,50.0,49.482,49.679,49.679,49.422,50.0,49.807,96.91,100.0,97.013
Ssl_HSISS4,51.187,51.931,50.579,51.265,51.531,51.187,50.579,50.923,51.265,50.708,99.485,97.013,100.0
