,Smu_UA159,Smu_NN2025,Smu_GS-5,Smu_LJ23,Smu_UA140,Smu_NG8,Smu_LAR01,Smu_B04Sm5,Smu_T8
Smu_UA159,100.0,98.848,98.916,98.984,99.322,98.848,99.255,99.526,99.255
Smu_NN2025,98.848,100.0,99.39,98.374,98.713,99.458,98.916,98.78,98.78
Smu_GS-5,98.916,99.39,100.0,98.577,98.916,99.526,98.848,98.984,98.984
Smu_LJ23,98.984,98.374,98.577,100.0,99.526,98.645,98.78,98.916,98.78
Smu_UA140,99.322,98.713,98.916,99.526,100.0,98.984,99.119,99.255,99.119
Smu_NG8,98.848,99.458,99.526,98.645,98.984,100.0,98.78,98.916,98.78
Smu_LAR01,99.255,98.916,98.848,98.78,99.119,98.78,100.0,99.187,99.322
Smu_B04Sm5,99.526,98.78,98.984,98.916,99.255,98.916,99.187,100.0,99.322
Smu_T8,99.255,98.78,98.984,98.78,99.119,98.78,99.322,99.322,100.0
