,Smu_UA159,Smu_NN2025,Smu_GS-5,Smu_LJ23,Smu_UA140,Smu_NG8,Smu_LAR01,Smu_LP13,Smu_B04Sm5,Smu_T8
Smu_UA159,100.0,99.381,99.244,98.763,98.694,99.519,99.107,99.588,99.244,99.381
Smu_NN2025,99.381,100.0,99.45,98.419,98.351,99.313,99.175,99.381,99.038,99.175
Smu_GS-5,99.244,99.45,100.0,98.694,98.625,99.175,99.038,99.244,99.313,99.175
Smu_LJ23,98.763,98.419,98.694,100.0,98.969,98.969,98.557,98.763,98.832,98.969
Smu_UA140,98.694,98.351,98.625,98.969,100.0,98.9,98.488,98.694,98.763,98.9
Smu_NG8,99.519,99.313,99.175,98.969,98.9,100.0,99.588,99.794,99.313,99.588
Smu_LAR01,99.107,99.175,99.038,98.557,98.488,99.588,100.0,99.519,98.9,99.175
Smu_LP13,99.588,99.381,99.244,98.763,98.694,99.794,99.519,100.0,99.244,99.381
Smu_B04Sm5,99.244,99.038,99.313,98.832,98.763,99.313,98.9,99.244,100.0,99.313
Smu_T8,99.381,99.175,99.175,98.969,98.9,99.588,99.175,99.381,99.313,100.0
