,Smu_UA159,Smu_NN2025,Smu_GS-5,Smu_LJ23,Smu_UA140,Smu_NG8,Smu_LAR01,Smu_LP13,Smu_B04Sm5,Smu_T8,Ssa_SK36,Ssa_SK1058,Sgo_CH1,Sgo_FDA371,Sgo_KCOM1506,Ssl_JIM8777,Ssl_ATCC27945,Ssl_HSISS4
Smu_UA159,100.0,99.316,99.59,99.384,99.316,99.59,99.384,99.726,99.521,99.316,62.718,62.815,64.014,63.776,62.95,56.556,55.878,56.899
Smu_NN2025,99.316,100.0,99.453,99.248,99.316,99.453,99.384,99.453,99.384,99.316,62.787,62.885,64.085,63.949,62.95,56.627,56.02,57.041
Smu_GS-5,99.59,99.453,100.0,99.521,99.453,99.726,99.521,99.726,99.658,99.453,62.787,62.885,64.014,63.611,62.837,56.192,55.949,56.97
Smu_LJ23,99.384,99.248,99.521,100.0,99.658,99.521,99.453,99.521,99.59,99.521,62.857,62.955,64.085,63.949,62.95,56.485,55.878,56.899
Smu_UA140,99.316,99.316,99.453,99.658,100.0,99.453,99.521,99.453,99.521,99.59,62.648,62.745,63.873,63.636,62.699,56.627,56.414,57.041
Smu_NG8,99.59,99.453,99.726,99.521,99.453,100.0,99.521,99.726,99.658,99.453,62.648,62.745,63.944,63.809,62.812,56.738,56.02,57.041
Smu_LAR01,99.384,99.384,99.521,99.453,99.521,99.521,100.0,99.521,99.59,99.521,62.718,62.815,64.014,63.879,62.881,56.485,55.949,56.899
Smu_LP13,99.726,99.453,99.726,99.521,99.453,99.726,99.521,100.0,99.658,99.59,62.648,62.999,64.014,63.879,63.611,56.343,56.02,56.757
Smu_B04Sm5,99.521,99.384,99.658,99.59,99.521,99.658,99.59,99.658,100.0,99.521,62.648,62.745,63.944,63.809,62.881,56.627,56.02,57.041
Smu_T8,99.316,99.316,99.453,99.521,99.59,99.453,99.521,99.59,99.521,100.0,62.509,62.815,63.675,63.809,63.275,56.485,56.161,56.899
Ssa_SK36,62.718,62.787,62.787,62.857,62.648,62.648,62.718,62.648,62.648,62.509,100.0,99.745,85.815,86.006,85.6,58.223,57.877,58.333
Ssa_SK1058,62.815,62.885,62.885,62.955,62.745,62.745,62.815,62.999,62.745,62.815,99.745,100.0,85.951,85.888,85.676,58.09,57.81,58.267
Sgo_CH1,64.014,64.085,64.014,64.085,63.873,63.944,64.014,64.014,63.944,63.675,85.815,85.951,100.0,98.415,98.479,57.067,56.746,56.973
Sgo_FDA371,63.776,63.949,63.611,63.949,63.636,63.809,63.879,63.879,63.809,63.809,86.006,85.888,98.415,100.0,98.28,57.02,57.181,57.437
Sgo_KCOM1506,62.95,62.95,62.837,62.95,62.699,62.812,62.881,63.611,62.881,63.275,85.6,85.676,98.479,98.28,100.0,56.737,56.831,56.649
Ssl_JIM8777,56.556,56.627,56.192,56.485,56.627,56.738,56.485,56.343,56.627,56.485,58.223,58.09,57.067,57.02,56.737,100.0,97.572,97.502
Ssl_ATCC27945,55.878,56.02,55.949,55.878,56.414,56.02,55.949,56.02,56.02,56.161,57.877,57.81,56.746,57.181,56.831,97.572,100.0,96.989
Ssl_HSISS4,56.899,57.041,56.97,56.899,57.041,57.041,56.899,56.757,57.041,56.899,58.333,58.267,56.973,57.437,56.649,97.502,96.989,100.0
