,Smu_UA159,Smu_NN2025,Smu_GS-5,Smu_LJ23,Smu_UA140,Smu_NG8,Smu_LAR01,Smu_LP13,Smu_B04Sm5,Smu_T8,Ssa_SK36,Ssa_SK1058,Sgo_CH1,Sgo_FDA371,Sgo_KCOM1506,Smi_B6,Smi_NCTC12261,Smi_SK637,Ssl_JIM8777,Ssl_ATCC27945,Ssl_HSISS4
Smu_UA159,100.0,100.0,100.0,100.0,100.0,100.0,99.692,100.0,99.692,100.0,87.673,87.673,88.136,88.136,88.136,88.117,88.426,88.426,89.077,89.231,89.077
Smu_NN2025,100.0,100.0,100.0,100.0,100.0,100.0,99.692,100.0,99.692,100.0,87.673,87.673,88.136,88.136,88.136,88.117,88.426,88.426,89.077,89.231,89.077
Smu_GS-5,100.0,100.0,100.0,100.0,100.0,100.0,99.692,100.0,99.692,100.0,87.673,87.673,88.136,88.136,88.136,88.117,88.426,88.426,89.077,89.231,89.077
Smu_LJ23,100.0,100.0,100.0,100.0,100.0,100.0,99.692,100.0,99.692,100.0,87.673,87.673,88.136,88.136,88.136,88.117,88.426,88.426,89.077,89.231,89.077
Smu_UA140,100.0,100.0,100.0,100.0,100.0,100.0,99.692,100.0,99.692,100.0,87.673,87.673,88.136,88.136,88.136,88.117,88.426,88.426,89.077,89.231,89.077
Smu_NG8,100.0,100.0,100.0,100.0,100.0,100.0,99.692,100.0,99.692,100.0,87.673,87.673,88.136,88.136,88.136,88.117,88.426,88.426,89.077,89.231,89.077
Smu_LAR01,99.692,99.692,99.692,99.692,99.692,99.692,100.0,99.692,100.0,99.692,87.673,87.673,88.136,88.136,88.136,88.117,88.426,88.426,89.077,89.231,89.077
Smu_LP13,100.0,100.0,100.0,100.0,100.0,100.0,99.692,100.0,99.692,100.0,87.673,87.673,88.136,88.136,88.136,88.117,88.426,88.426,89.077,89.231,89.077
Smu_B04Sm5,99.692,99.692,99.692,99.692,99.692,99.692,100.0,99.692,100.0,99.692,87.673,87.673,88.136,88.136,88.136,88.117,88.426,88.426,89.077,89.231,89.077
Smu_T8,100.0,100.0,100.0,100.0,100.0,100.0,99.692,100.0,99.692,100.0,87.673,87.673,88.136,88.136,88.136,88.117,88.426,88.426,89.077,89.231,89.077
Ssa_SK36,87.673,87.673,87.673,87.673,87.673,87.673,87.673,87.673,87.673,87.673,100.0,100.0,95.994,95.994,95.686,91.667,92.13,92.13,89.368,89.368,89.368
Ssa_SK1058,87.673,87.673,87.673,87.673,87.673,87.673,87.673,87.673,87.673,87.673,100.0,100.0,95.994,95.994,95.686,91.667,92.13,92.13,89.368,89.368,89.368
Sgo_CH1,88.136,88.136,88.136,88.136,88.136,88.136,88.136,88.136,88.136,88.136,95.994,95.994,100.0,99.692,99.538,91.975,92.438,92.438,90.139,90.139,90.139
Sgo_FDA371,88.136,88.136,88.136,88.136,88.136,88.136,88.136,88.136,88.136,88.136,95.994,95.994,99.692,100.0,99.538,91.975,92.438,92.284,90.139,90.139,90.139
Sgo_KCOM1506,88.136,88.136,88.136,88.136,88.136,88.136,88.136,88.136,88.136,88.136,95.686,95.686,99.538,99.538,100.0,92.13,92.593,92.438,89.831,89.831,89.831
Smi_B6,88.117,88.117,88.117,88.117,88.117,88.117,88.117,88.117,88.117,88.117,91.667,91.667,91.975,91.975,92.13,100.0,99.228,99.383,89.352,89.506,89.352
Smi_NCTC12261,88.426,88.426,88.426,88.426,88.426,88.426,88.426,88.426,88.426,88.426,92.13,92.13,92.438,92.438,92.593,99.228,100.0,99.537,89.66,89.815,89.66
Smi_SK637,88.426,88.426,88.426,88.426,88.426,88.426,88.426,88.426,88.426,88.426,92.13,92.13,92.438,92.284,92.438,99.383,99.537,100.0,89.66,89.815,89.66
Ssl_JIM8777,89.077,89.077,89.077,89.077,89.077,89.077,89.077,89.077,89.077,89.077,89.368,89.368,90.139,90.139,89.831,89.352,89.66,89.66,100.0,99.846,100.0
Ssl_ATCC27945,89.231,89.231,89.231,89.231,89.231,89.231,89.231,89.231,89.231,89.231,89.368,89.368,90.139,90.139,89.831,89.506,89.815,89.815,99.846,100.0,99.846
Ssl_HSISS4,89.077,89.077,89.077,89.077,89.077,89.077,89.077,89.077,89.077,89.077,89.368,89.368,90.139,90.139,89.831,89.352,89.66,89.66,100.0,99.846,100.0
