,Smu_UA159,Smu_NN2025,Smu_GS-5,Smu_LJ23,Smu_UA140,Smu_NG8,Smu_LAR01,Smu_LP13,Smu_B04Sm5,Smu_T8,Ssa_SK36,Ssa_SK1058,Ssa_CGMH058,Sgo_CH1,Sgo_FDA371,Sgo_KCOM1506,Smi_B6,Smi_NCTC12261,Ssl_JIM8777,Ssl_ATCC27945,Ssl_HSISS4
Smu_UA159,100.0,100.0,100.0,100.0,100.0,100.0,100.0,100.0,100.0,100.0,85.34,85.864,86.387,86.316,86.316,86.316,84.031,84.293,90.237,90.237,90.237
Smu_NN2025,100.0,100.0,100.0,100.0,100.0,100.0,100.0,100.0,100.0,100.0,85.34,85.864,86.387,86.316,86.316,86.316,84.031,84.293,90.237,90.237,90.237
Smu_GS-5,100.0,100.0,100.0,100.0,100.0,100.0,100.0,100.0,100.0,100.0,85.34,85.864,86.387,86.316,86.316,86.316,84.031,84.293,90.237,90.237,90.237
Smu_LJ23,100.0,100.0,100.0,100.0,100.0,100.0,100.0,100.0,100.0,100.0,85.34,85.864,86.387,86.316,86.316,86.316,84.031,84.293,90.237,90.237,90.237
Smu_UA140,100.0,100.0,100.0,100.0,100.0,100.0,100.0,100.0,100.0,100.0,85.34,85.864,86.387,86.316,86.316,86.316,84.031,84.293,90.237,90.237,90.237
Smu_NG8,100.0,100.0,100.0,100.0,100.0,100.0,100.0,100.0,100.0,100.0,85.34,85.864,86.387,86.316,86.316,86.316,84.031,84.293,90.237,90.237,90.237
Smu_LAR01,100.0,100.0,100.0,100.0,100.0,100.0,100.0,100.0,100.0,100.0,85.34,85.864,86.387,86.316,86.316,86.316,84.031,84.293,90.237,90.237,90.237
Smu_LP13,100.0,100.0,100.0,100.0,100.0,100.0,100.0,100.0,100.0,100.0,85.34,85.864,86.387,86.316,86.316,86.316,84.031,84.293,90.237,90.237,90.237
Smu_B04Sm5,100.0,100.0,100.0,100.0,100.0,100.0,100.0,100.0,100.0,100.0,85.34,85.864,86.387,86.316,86.316,86.316,84.031,84.293,90.237,90.237,90.237
Smu_T8,100.0,100.0,100.0,100.0,100.0,100.0,100.0,100.0,100.0,100.0,85.34,85.864,86.387,86.316,86.316,86.316,84.031,84.293,90.237,90.237,90.237
Ssa_SK36,85.34,85.34,85.34,85.34,85.34,85.34,85.34,85.34,85.34,85.34,100.0,98.691,97.906,93.455,93.455,93.717,89.791,89.529,88.918,88.918,88.918
Ssa_SK1058,85.864,85.864,85.864,85.864,85.864,85.864,85.864,85.864,85.864,85.864,98.691,100.0,99.215,93.979,93.979,94.241,91.029,89.529,89.182,89.182,89.182
Ssa_CGMH058,86.387,86.387,86.387,86.387,86.387,86.387,86.387,86.387,86.387,86.387,97.906,99.215,100.0,93.717,93.717,93.717,89.529,89.791,89.446,89.446,89.446
Sgo_CH1,86.316,86.316,86.316,86.316,86.316,86.316,86.316,86.316,86.316,86.316,93.455,93.979,93.717,100.0,100.0,99.739,87.958,87.958,87.863,87.863,87.863
Sgo_FDA371,86.316,86.316,86.316,86.316,86.316,86.316,86.316,86.316,86.316,86.316,93.455,93.979,93.717,100.0,100.0,99.739,87.958,87.958,87.863,87.863,87.863
Sgo_KCOM1506,86.316,86.316,86.316,86.316,86.316,86.316,86.316,86.316,86.316,86.316,93.717,94.241,93.717,99.739,99.739,100.0,87.958,87.958,89.362,89.362,89.362
Smi_B6,84.031,84.031,84.031,84.031,84.031,84.031,84.031,84.031,84.031,84.031,89.791,91.029,89.529,87.958,87.958,87.958,100.0,99.219,87.798,87.798,87.798
Smi_NCTC12261,84.293,84.293,84.293,84.293,84.293,84.293,84.293,84.293,84.293,84.293,89.529,89.529,89.791,87.958,87.958,87.958,99.219,100.0,88.329,88.329,88.329
Ssl_JIM8777,90.237,90.237,90.237,90.237,90.237,90.237,90.237,90.237,90.237,90.237,88.918,89.182,89.446,87.863,87.863,89.362,87.798,88.329,100.0,100.0,100.0
Ssl_ATCC27945,90.237,90.237,90.237,90.237,90.237,90.237,90.237,90.237,90.237,90.237,88.918,89.182,89.446,87.863,87.863,89.362,87.798,88.329,100.0,100.0,100.0
Ssl_HSISS4,90.237,90.237,90.237,90.237,90.237,90.237,90.237,90.237,90.237,90.237,88.918,89.182,89.446,87.863,87.863,89.362,87.798,88.329,100.0,100.0,100.0
