,Smu_UA159,Smu_NN2025,Smu_GS-5,Smu_LJ23,Smu_UA140,Smu_NG8,Smu_LAR01,Smu_LP13,Smu_B04Sm5,Smu_T8,Ssa_SK36,Ssa_SK1058,Ssa_CGMH058,Sgo_CH1,Sgo_FDA371,Sgo_KCOM1506,Smi_B6,Smi_NCTC12261,Smi_SK637,Ssl_JIM8777,Ssl_ATCC27945,Ssl_HSISS4
Smu_UA159,100.0,98.03,100.0,100.0,100.0,100.0,99.507,100.0,100.0,100.0,80.1,78.607,80.1,78.607,79.104,79.104,81.592,83.582,83.582,89.552,89.552,89.552
Smu_NN2025,98.03,100.0,98.03,98.03,98.03,98.03,97.537,98.03,98.03,98.03,79.602,78.109,79.602,78.109,78.607,78.607,81.095,83.085,83.085,89.055,89.055,89.055
Smu_GS-5,100.0,98.03,100.0,100.0,100.0,100.0,99.507,100.0,100.0,100.0,80.1,78.607,80.1,78.607,79.104,79.104,81.592,83.582,83.582,89.552,89.552,89.552
Smu_LJ23,100.0,98.03,100.0,100.0,100.0,100.0,99.507,100.0,100.0,100.0,80.1,78.607,80.1,78.607,79.104,79.104,81.592,83.582,83.582,89.552,89.552,89.552
Smu_UA140,100.0,98.03,100.0,100.0,100.0,100.0,99.507,100.0,100.0,100.0,80.1,78.607,80.1,78.607,79.104,79.104,81.592,83.582,83.582,89.552,89.552,89.552
Smu_NG8,100.0,98.03,100.0,100.0,100.0,100.0,99.507,100.0,100.0,100.0,80.1,78.607,80.1,78.607,79.104,79.104,81.592,83.582,83.582,89.552,89.552,89.552
Smu_LAR01,99.507,97.537,99.507,99.507,99.507,99.507,100.0,99.507,99.507,99.507,80.1,78.607,80.1,78.607,79.104,79.104,81.592,83.582,83.582,89.552,89.552,89.552
Smu_LP13,100.0,98.03,100.0,100.0,100.0,100.0,99.507,100.0,100.0,100.0,80.1,78.607,80.1,78.607,79.104,79.104,81.592,83.582,83.582,89.552,89.552,89.552
Smu_B04Sm5,100.0,98.03,100.0,100.0,100.0,100.0,99.507,100.0,100.0,100.0,80.1,78.607,80.1,78.607,79.104,79.104,81.592,83.582,83.582,89.552,89.552,89.552
Smu_T8,100.0,98.03,100.0,100.0,100.0,100.0,99.507,100.0,100.0,100.0,80.1,78.607,80.1,78.607,79.104,79.104,81.592,83.582,83.582,89.552,89.552,89.552
Ssa_SK36,80.1,79.602,80.1,80.1,80.1,80.1,80.1,80.1,80.1,80.1,100.0,98.507,99.502,93.035,93.532,93.532,90.05,91.045,91.045,82.09,82.09,82.09
Ssa_SK1058,78.607,78.109,78.607,78.607,78.607,78.607,78.607,78.607,78.607,78.607,98.507,100.0,98.01,91.542,92.04,92.04,88.557,89.552,89.552,81.095,81.095,81.095
Ssa_CGMH058,80.1,79.602,80.1,80.1,80.1,80.1,80.1,80.1,80.1,80.1,99.502,98.01,100.0,92.537,93.035,93.035,89.552,90.547,90.547,81.592,81.592,81.592
Sgo_CH1,78.607,78.109,78.607,78.607,78.607,78.607,78.607,78.607,78.607,78.607,93.035,91.542,92.537,100.0,98.507,98.507,91.045,92.04,92.04,82.587,82.587,82.587
Sgo_FDA371,79.104,78.607,79.104,79.104,79.104,79.104,79.104,79.104,79.104,79.104,93.532,92.04,93.035,98.507,100.0,100.0,92.537,93.532,93.532,83.582,83.582,83.582
Sgo_KCOM1506,79.104,78.607,79.104,79.104,79.104,79.104,79.104,79.104,79.104,79.104,93.532,92.04,93.035,98.507,100.0,100.0,92.537,93.532,93.532,83.582,83.582,83.582
Smi_B6,81.592,81.095,81.592,81.592,81.592,81.592,81.592,81.592,81.592,81.592,90.05,88.557,89.552,91.045,92.537,92.537,100.0,98.01,98.01,85.572,85.572,85.572
Smi_NCTC12261,83.582,83.085,83.582,83.582,83.582,83.582,83.582,83.582,83.582,83.582,91.045,89.552,90.547,92.04,93.532,93.532,98.01,100.0,100.0,87.562,87.562,87.562
Smi_SK637,83.582,83.085,83.582,83.582,83.582,83.582,83.582,83.582,83.582,83.582,91.045,89.552,90.547,92.04,93.532,93.532,98.01,100.0,100.0,87.562,87.562,87.562
Ssl_JIM8777,89.552,89.055,89.552,89.552,89.552,89.552,89.552,89.552,89.552,89.552,82.09,81.095,81.592,82.587,83.582,83.582,85.572,87.562,87.562,100.0,100.0,100.0
Ssl_ATCC27945,89.552,89.055,89.552,89.552,89.552,89.552,89.552,89.552,89.552,89.552,82.09,81.095,81.592,82.587,83.582,83.582,85.572,87.562,87.562,100.0,100.0,100.0
Ssl_HSISS4,89.552,89.055,89.552,89.552,89.552,89.552,89.552,89.552,89.552,89.552,82.09,81.095,81.592,82.587,83.582,83.582,85.572,87.562,87.562,100.0,100.0,100.0
