,Smu_UA159,Smu_NN2025,Smu_GS-5,Smu_LJ23,Smu_UA140,Smu_NG8,Smu_LAR01,Smu_LP13,Smu_B04Sm5,Smu_T8,Ssa_SK36,Ssa_SK1058,Ssa_CGMH058,Sgo_CH1,Sgo_FDA371,Sgo_KCOM1506
Smu_UA159,100.0,97.758,99.488,97.502,97.758,97.822,99.616,99.232,97.694,97.694,61.401,61.016,61.575,69.859,70.289,69.129
Smu_NN2025,97.758,100.0,98.142,99.617,99.617,99.489,98.142,98.014,99.808,99.425,61.191,60.807,61.433,69.923,70.192,69.539
Smu_GS-5,99.488,98.142,100.0,97.886,97.886,98.334,99.488,99.744,98.078,97.566,61.438,61.222,61.781,69.859,70.289,69.261
Smu_LJ23,97.502,99.617,97.886,100.0,99.489,99.234,97.886,97.758,99.681,99.042,60.917,60.947,61.496,69.859,70.256,69.474
Smu_UA140,97.758,99.617,97.886,99.489,100.0,99.234,98.014,97.758,99.553,99.042,60.986,60.67,61.229,69.666,69.936,69.276
Smu_NG8,97.822,99.489,98.334,99.234,99.234,100.0,97.822,98.206,99.425,98.914,60.956,60.739,61.297,69.666,70.0,69.408
Smu_LAR01,99.616,98.142,99.488,97.886,98.014,97.822,100.0,99.36,98.078,97.95,61.607,61.222,61.781,69.987,70.418,69.393
Smu_LP13,99.232,98.014,99.744,97.758,97.758,98.206,99.36,100.0,98.078,97.438,61.301,61.084,61.644,69.73,70.161,69.195
Smu_B04Sm5,97.694,99.808,98.078,99.681,99.553,99.425,98.078,98.078,100.0,99.234,61.054,60.739,61.297,69.859,70.128,69.539
Smu_T8,97.694,99.425,97.566,99.042,99.042,98.914,97.95,97.438,99.234,100.0,60.986,60.602,61.423,69.859,70.128,69.474
Ssa_SK36,61.401,61.191,61.438,60.917,60.986,60.956,61.607,61.301,61.054,60.986,100.0,95.661,96.713,63.288,63.021,62.879
Ssa_SK1058,61.016,60.807,61.222,60.947,60.67,60.739,61.222,61.084,60.739,60.602,95.661,100.0,96.318,62.945,62.679,62.534
Ssa_CGMH058,61.575,61.433,61.781,61.496,61.229,61.297,61.781,61.644,61.297,61.423,96.713,96.318,100.0,63.63,63.363,63.154
Sgo_CH1,69.859,69.923,69.859,69.859,69.666,69.666,69.987,69.73,69.859,69.859,63.288,62.945,63.63,100.0,95.863,93.538
Sgo_FDA371,70.289,70.192,70.289,70.256,69.936,70.0,70.418,70.161,70.128,70.128,63.021,62.679,63.363,95.863,100.0,92.718
Sgo_KCOM1506,69.129,69.539,69.261,69.474,69.276,69.408,69.393,69.195,69.539,69.474,62.879,62.534,63.154,93.538,92.718,100.0
