,A,C,D,E,F,G,H,I,K,L,M,N,P,Q,R,S,T,V,W,Y,class
gtfB,0.07963877314241434,0.0,0.07271360703526542,0.04177642449711189,0.039141879796139416,0.07730524062932648,0.015882495769214067,0.048099311392572286,0.06398201103052181,0.058185920947451404,0.01565676211189254,0.08317645634140836,0.02182914291341063,0.05005645125284473,0.04674450171117223,0.06578844092811649,0.07263837947188619,0.07068113767724603,0.0128716603497939,0.06383140300221177,virulence
gtfC,0.08329896907216496,0.0,0.06632302405498282,0.03512027491408934,0.043024054982817875,0.07237113402061854,0.01697594501718213,0.042542955326460484,0.06639175257731958,0.06474226804123712,0.013127147766323021,0.0852920962199313,0.028247422680412377,0.044604810996563576,0.04989690721649484,0.07044673539518899,0.0779381443298969,0.06769759450171821,0.013745704467353955,0.05821305841924399,virulence
gtfD,0.07975376196990423,6.839945280437756e-05,0.07414500683994528,0.042339261285909716,0.030095759233926135,0.07455540355677157,0.011012311901504788,0.04398084815321478,0.08091655266757866,0.06634746922024624,0.01580027359781122,0.08221614227086183,0.02120383036935705,0.06340629274965802,0.030164158686730502,0.07900136798905608,0.07366621067031465,0.053419972640218874,0.014363885088919285,0.06354309165526675,virulence
spaP,0.1268231938945878,0.0006392237086748985,0.06162057682213097,0.06539304327065375,0.02390719564104702,0.04768569620439461,0.005240849485628505,0.039249218753832645,0.09032080559521068,0.05337567025279506,0.008117683226959575,0.07440488746948194,0.06385851390708117,0.048069492071434766,0.02000881405932401,0.05203238471815451,0.0937748048724251,0.06986548339146689,0.005113789669399188,0.050498672985316996,virulence
ftf,0.08767295597484276,0.0012578616352201257,0.06855345911949685,0.05144654088050314,0.028176100628930816,0.06754716981132075,0.013962264150943395,0.04352201257861635,0.07094339622641509,0.06113207547169811,0.01773584905660377,0.07484276729559748,0.03270440251572327,0.05069182389937107,0.023899371069182388,0.07735849056603773,0.09748427672955974,0.07169811320754717,0.017861635220125786,0.04150943396226415,virulence
luxS,0.055625000000000015,0.018749999999999996,0.0625,0.07499999999999998,0.043750000000000004,0.0625,0.043750000000000004,0.09999999999999999,0.06937499999999999,0.08750000000000001,0.018749999999999996,0.024999999999999998,0.043750000000000004,0.024999999999999998,0.03749999999999999,0.0625,0.08687500000000001,0.050624999999999996,0.018749999999999996,0.012499999999999999,virulence
recA,0.09921671018276763,0.0,0.07571801566579636,0.08877284595300261,0.02610966057441253,0.09921671018276763,0.010443864229765011,0.08355091383812009,0.10182767624020886,0.07571801566579636,0.018276762402088777,0.033942558746736295,0.02610966057441253,0.03916449086161879,0.036553524804177555,0.05744125326370757,0.03916449086161879,0.06527415143603134,0.002610966057441253,0.020887728459530023,control
rpoB,0.06663858466722831,0.0025273799494524014,0.08256107834877845,0.08424599831508005,0.03538331929233362,0.07834877843302444,0.021903959561920813,0.05989890480202191,0.05812973883740523,0.07919123841617524,0.029486099410278015,0.043807919123841625,0.043807919123841625,0.028643639427127214,0.06402695871946083,0.05054759898904802,0.052990732940185345,0.08331929233361417,0.004212299915754002,0.030328559393428815,control
gyrB,0.06430769230769232,0.0015384615384615387,0.06615384615384615,0.08615384615384615,0.039999999999999994,0.08769230769230771,0.026153846153846146,0.07969230769230769,0.06923076923076922,0.07538461538461538,0.021538461538461538,0.04923076923076924,0.029230769230769234,0.039999999999999994,0.050769230769230775,0.05384615384615386,0.05692307692307692,0.06984615384615384,0.0030769230769230774,0.029230769230769234,control
gyrA,0.06378048780487806,0.0,0.07682926829268291,0.06695121951219514,0.028048780487804882,0.07682926829268291,0.02073170731707317,0.07926829268292682,0.058658536585365864,0.09024390243902437,0.03170731707317074,0.053048780487804884,0.02682926829268293,0.029268292682926834,0.07560975609756096,0.051951219512195126,0.06682926829268294,0.07658536585365852,0.002439024390243902,0.024390243902439022,control
sodA,0.14876847290640396,0.0,0.054187192118226604,0.07832512315270937,0.03990147783251232,0.04433497536945813,0.03940886699507389,0.053694581280788176,0.04975369458128079,0.10788177339901477,0.009852216748768473,0.06403940886699509,0.04433497536945813,0.019704433497536946,0.024630541871921183,0.029064039408866992,0.06354679802955666,0.059605911330049256,0.024630541871921183,0.04433497536945813,control
pheS,0.037463976945244955,0.011815561959654176,0.0659942363112392,0.08616714697406339,0.04899135446685878,0.08674351585014409,0.02881844380403458,0.04985590778097981,0.07204610951008647,0.09510086455331412,0.03717579250720461,0.028530259365994237,0.0345821325648415,0.05475504322766571,0.05763688760806916,0.06397694524495677,0.04553314121037463,0.06887608069164265,0.0028818443804034576,0.02305475504322766,control
atpD,0.08119658119658121,0.0,0.06623931623931624,0.08333333333333334,0.04059829059829061,0.09401709401709402,0.01282051282051282,0.06196581196581197,0.04636752136752137,0.08760683760683761,0.023504273504273504,0.02200854700854701,0.04273504273504274,0.04487179487179487,0.05128205128205128,0.05128205128205128,0.06837606837606837,0.09401709401709402,0.0021367521367521365,0.02564102564102564,control
tuf,0.06281407035175879,0.0,0.08291457286432159,0.08793969849246232,0.025125628140703522,0.08793969849246232,0.03266331658291457,0.08542713567839197,0.045226130653266326,0.06532663316582914,0.02763819095477387,0.025125628140703522,0.050251256281407045,0.03015075376884422,0.05778894472361808,0.03768844221105527,0.07537688442211055,0.09296482412060302,0.0,0.02763819095477387,control
