label,species,gene,class,cai,cai_percentile,gc3_percentile
Sgo_CH1,S. gordonii,gtfD,virulence,0.42718134729387447,69.19328641039525,68.16459122902003
Sgo_CH1,S. gordonii,spaP,virulence,0.5319032075522966,91.06659447753113,9.095831077422847
Sgo_CH1,S. gordonii,luxS,virulence,0.40149694691461935,56.14510016242556,64.75365457498647
Sgo_CH1,S. gordonii,recA,control,0.5310156554493334,90.7958852192745,43.1510557661072
Sgo_CH1,S. gordonii,rpoB,control,0.5500599573757833,92.52842447211694,48.13210611802924
Sgo_CH1,S. gordonii,gyrB,control,0.4756999083834009,83.59501894964808,31.293990254466703
Sgo_CH1,S. gordonii,gyrA,control,0.4531556690185512,78.39740119112074,19.65349214943151
Sgo_CH1,S. gordonii,sodA,control,0.6808183710177659,96.96805630752571,14.672441797509475
Sgo_CH1,S. gordonii,pheS,control,0.33281760425510715,17.108825121819166,94.96480779642664
Sgo_CH1,S. gordonii,atpD,control,0.5085881132487627,87.9263670817542,45.858148348673524
Sgo_CH1,S. gordonii,tuf,control,0.8155874460173977,99.56686518678939,42.93448835950189
Smi_B6,S. mitis,luxS,virulence,0.4636440061458276,81.01772441395083,69.92567181246426
Smi_B6,S. mitis,recA,control,0.5413421570167313,90.45168667810177,40.36592338479131
Smi_B6,S. mitis,rpoB,control,0.6067914190686491,94.16809605488851,45.28301886792453
Smi_B6,S. mitis,gyrB,control,0.4397703214786374,76.84391080617495,35.22012578616352
Smi_B6,S. mitis,gyrA,control,0.42473382803562276,74.15666094911379,53.859348198970835
Smi_B6,S. mitis,sodA,control,0.7304377783632493,97.36992567181247,41.79531160663236
Smi_B6,S. mitis,pheS,control,0.4768039957771141,83.36192109777015,77.47284162378502
Smi_B6,S. mitis,atpD,control,0.5821158157571352,92.96740994854203,39.108061749571185
Smi_B6,S. mitis,tuf,control,0.8103610090684507,99.31389365351629,39.451114922813034
Smu_UA159,S. mutans,gtfB,virulence,0.5204571043151288,56.51651651651651,91.5915915915916
Smu_UA159,S. mutans,gtfC,virulence,0.5295354839178044,62.82282282282282,76.996996996997
Smu_UA159,S. mutans,gtfD,virulence,0.5703392185621657,82.34234234234235,65.82582582582582
Smu_UA159,S. mutans,spaP,virulence,0.592476945339857,88.16816816816817,23.363363363363362
Smu_UA159,S. mutans,ftf,virulence,0.578272864447214,84.74474474474475,15.915915915915916
Smu_UA159,S. mutans,luxS,virulence,0.5491975447738202,72.67267267267268,47.687687687687685
Smu_UA159,S. mutans,recA,control,0.5946494331590727,88.70870870870871,14.414414414414415
Smu_UA159,S. mutans,rpoB,control,0.6309245437577139,94.29429429429429,28.28828828828829
Smu_UA159,S. mutans,gyrB,control,0.5485024715400092,72.01201201201202,68.34834834834835
Smu_UA159,S. mutans,gyrA,control,0.5302915069977808,63.06306306306306,41.08108108108108
Smu_UA159,S. mutans,sodA,control,0.679973256648671,97.17717717717717,20.96096096096096
Smu_UA159,S. mutans,pheS,control,0.5211924935429061,57.05705705705706,65.76576576576578
Smu_UA159,S. mutans,atpD,control,0.5552694540145452,75.73573573573573,39.03903903903904
Smu_UA159,S. mutans,tuf,control,0.7948421703282272,99.81981981981983,10.51051051051051
Ssa_SK36,S. sanguinis,gtfD,virulence,0.49909643643708723,91.61793372319687,31.62768031189084
Ssa_SK36,S. sanguinis,spaP,virulence,0.44485062751176124,82.84600389863547,14.181286549707602
Ssa_SK36,S. sanguinis,luxS,virulence,0.4808232805478745,89.61988304093568,66.81286549707602
Ssa_SK36,S. sanguinis,recA,control,0.5125745423326066,92.78752436647173,29.53216374269006
Ssa_SK36,S. sanguinis,rpoB,control,0.528824531945965,94.20077972709552,35.86744639376218
Ssa_SK36,S. sanguinis,gyrB,control,0.41395371454026125,71.00389863547758,53.80116959064327
Ssa_SK36,S. sanguinis,gyrA,control,0.43761011838948016,80.60428849902534,31.0916179337232
Ssa_SK36,S. sanguinis,sodA,control,0.6539881847844102,97.51461988304094,16.17933723196881
Ssa_SK36,S. sanguinis,pheS,control,0.39829138058241265,60.672514619883046,76.16959064327486
Ssa_SK36,S. sanguinis,atpD,control,0.4033888596560663,63.79142300194932,61.5009746588694
Ssa_SK36,S. sanguinis,tuf,control,0.7969902427677973,99.70760233918129,17.93372319688109
Ssl_JIM8777,S. salivarius,gtfD,virulence,0.37592461020954604,60.236886632825716,93.28821206993796
Ssl_JIM8777,S. salivarius,ftf,virulence,0.5290484551878951,87.02763677382967,18.386914833615343
Ssl_JIM8777,S. salivarius,luxS,virulence,0.564463735126645,90.63733784545967,9.024252679075014
Ssl_JIM8777,S. salivarius,recA,control,0.4987390723015502,83.30513254371122,4.230118443316413
Ssl_JIM8777,S. salivarius,rpoB,control,0.6363426321514184,95.26226734348562,33.61534122955443
Ssl_JIM8777,S. salivarius,gyrB,control,0.42445153236952193,72.25042301184433,60.349689791314155
Ssl_JIM8777,S. salivarius,gyrA,control,0.44485228515633196,75.80372250423012,47.54653130287648
Ssl_JIM8777,S. salivarius,sodA,control,0.7243425253782103,97.74393683023125,10.65989847715736
Ssl_JIM8777,S. salivarius,pheS,control,0.5957946592758716,93.34461364918218,38.18386914833615
Ssl_JIM8777,S. salivarius,atpD,control,0.5816218973990444,92.4985899605189,29.723632261703326
Ssl_JIM8777,S. salivarius,tuf,control,0.8027638229857865,99.26677946982515,36.60462492949802
