gene,gc,gc3,gc_skew,cai,gc1,gc2,length,n_sequences,class
gtfB,0.4105362055807451,0.3621184122566162,0.058454193739148744,0.5189264072223332,0.4929291689227301,0.376561035562889,4431.333333333333,9,virulence
gtfC,0.39821428571428574,0.3223901098901099,0.05565123142624756,0.5293921155421802,0.47657967032967036,0.3956730769230769,4368.0,10,virulence
gtfD,0.3883572567783094,0.30813397129186604,0.053801418229659156,0.5692458571930213,0.4841421736158578,0.37279562542720435,4389.0,10,virulence
spaP,0.39774890329074697,0.25163188622014915,-0.004973785899207789,0.5960503790479617,0.5313014627916386,0.41031336086045317,4696.2,10,virulence
ftf,0.3797738693467337,0.24183417085427136,0.0856810836474464,0.578469461843421,0.49221105527638187,0.40527638190954773,2388.0,10,virulence
luxS,0.3960662525879917,0.2888198757763975,-0.007826162638237075,0.5461140104336508,0.515527950310559,0.3838509316770186,483.0,10,virulence
recA,0.39288194444444446,0.24114583333333334,0.22094894282611635,0.597757293009078,0.578125,0.359375,1152.0,10,control
rpoB,0.40822109988776656,0.26077441077441077,0.12764000663609276,0.6306380822217835,0.6010942760942761,0.3627946127946128,3564.0,10,control
gyrB,0.39974398361495134,0.3021505376344086,0.14308438803686002,0.5520039268891407,0.5502304147465438,0.34685099846390166,1953.0,10,control
gyrA,0.39589930978481525,0.2786845310596833,0.13670193170897413,0.5279889592620255,0.5451887941534713,0.3638246041412911,2463.0,10,control
sodA,0.40441176470588236,0.2549019607843137,-0.012524566071521295,0.6797109882945834,0.5808823529411765,0.37745098039215685,612.0,10,control
pheS,0.40306513409961686,0.31149425287356325,0.11931747538488402,0.514905398378039,0.5580459770114943,0.3396551724137931,1044.0,10,control
atpD,0.43084577114427863,0.27334754797441363,0.11580425767602968,0.5582089924723601,0.6289978678038379,0.39019189765458423,1407.0,10,control
tuf,0.4077694235588972,0.22280701754385962,0.025620728245787226,0.7998544875336291,0.6295739348370928,0.37092731829573933,1197.0,10,control
