gene,label,species,class,length,gc,gc_skew,gc1,gc2,gc3,cai
gtfB,Smu_UA159,S. mutans,virulence,4431,0.41006544798013994,0.056686846450192625,0.4915368991198375,0.37576167907921465,0.3628977657413676,0.5204571043151288
gtfB,Smu_NN2025,S. mutans,virulence,4431,0.41141954412096593,0.0575973669775096,0.4942450914014895,0.37711577522004064,0.3628977657413676,0.5194916977076713
gtfB,Smu_GS-5,S. mutans,virulence,4431,0.41254795757165424,0.053610503282275714,0.4935680433310765,0.3764387271496276,0.3676371022342586,0.5161698510891711
gtfB,Smu_LJ23,S. mutans,virulence,4434,0.40888588182228236,0.061224489795918366,0.4925575101488498,0.37415426251691475,0.35994587280108253,0.5204131261497718
gtfB,Smu_UA140,S. mutans,virulence,4431,0.40871135183931395,0.05797901711761458,0.4922139471902505,0.37508463100880163,0.35883547731888965,0.5191980283471144
gtfB,Smu_NG8,S. mutans,virulence,4431,0.41232227488151657,0.05856595511767926,0.4928909952606635,0.3784698713608666,0.36560595802301965,0.51454080941731
gtfB,Smu_LAR01,S. mutans,virulence,4431,0.40983976529000227,0.06167400881057269,0.4942450914014895,0.3777928232904536,0.35748138117806366,0.5199302744764654
gtfB,Smu_B04Sm5,S. mutans,virulence,4431,0.4096140825998646,0.06005509641873278,0.4922139471902505,0.37576167907921465,0.36086662153012866,0.5197857841353892
gtfB,Smu_T8,S. mutans,virulence,4431,0.41141954412096593,0.058694459681843114,0.4928909952606635,0.3784698713608666,0.3628977657413676,0.5203509893629762
gtfC,Smu_UA159,S. mutans,virulence,4368,0.3985805860805861,0.053417576105686385,0.47527472527472525,0.39629120879120877,0.3241758241758242,0.5295354839178044
gtfC,Smu_NN2025,S. mutans,virulence,4368,0.39697802197802196,0.05651672433679354,0.47527472527472525,0.39629120879120877,0.31936813186813184,0.5336735567351438
gtfC,Smu_GS-5,S. mutans,virulence,4368,0.39903846153846156,0.04991394148020654,0.47733516483516486,0.3949175824175824,0.3248626373626374,0.5293657367209336
gtfC,Smu_LJ23,S. mutans,virulence,4368,0.3974358974358974,0.059907834101382486,0.47596153846153844,0.39354395604395603,0.3228021978021978,0.5316320727210141
gtfC,Smu_UA140,S. mutans,virulence,4368,0.39903846153846156,0.05450372920252438,0.47802197802197804,0.3956043956043956,0.323489010989011,0.5285526464602744
gtfC,Smu_NG8,S. mutans,virulence,4368,0.39880952380952384,0.05625717566016074,0.47802197802197804,0.39629120879120877,0.32211538461538464,0.5284638540069235
gtfC,Smu_LAR01,S. mutans,virulence,4368,0.3999542124542125,0.057813394390383514,0.47733516483516486,0.39697802197802196,0.32554945054945056,0.5213918520324013
gtfC,Smu_LP13,S. mutans,virulence,4368,0.399496336996337,0.05902578796561605,0.47733516483516486,0.39629120879120877,0.3248626373626374,0.5252484678655368
gtfC,Smu_B04Sm5,S. mutans,virulence,4368,0.3974358974358974,0.05414746543778802,0.47733516483516486,0.3942307692307692,0.32074175824175827,0.5329837722761428
gtfC,Smu_T8,S. mutans,virulence,4368,0.39537545787545786,0.05500868558193399,0.4739010989010989,0.39629120879120877,0.3159340659340659,0.5330737126856274
gtfD,Smu_UA159,S. mutans,virulence,4389,0.38801549327865115,0.05343511450381679,0.48325358851674644,0.37320574162679426,0.30758714969241285,0.5703392185621657
gtfD,Smu_NN2025,S. mutans,virulence,4389,0.3893825472772841,0.04622586307782329,0.4839371155160629,0.37320574162679426,0.31100478468899523,0.5648131465571938
gtfD,Smu_GS-5,S. mutans,virulence,4389,0.3875598086124402,0.053497942386831275,0.4839371155160629,0.3725222146274778,0.3062200956937799,0.568766316867934
gtfD,Smu_LJ23,S. mutans,virulence,4389,0.38869902027796766,0.05509964830011723,0.4859876965140123,0.37320574162679426,0.3069036226930964,0.5713238799535285
gtfD,Smu_UA140,S. mutans,virulence,4389,0.3889268626110731,0.056824838898652606,0.48462064251537934,0.37320574162679426,0.3089542036910458,0.5663832421769305
gtfD,Smu_NG8,S. mutans,virulence,4389,0.3893825472772841,0.05324751316559392,0.4839371155160629,0.3738892686261107,0.3103212576896787,0.5678465206668577
gtfD,Smu_LAR01,S. mutans,virulence,4389,0.3889268626110731,0.05565319273579379,0.48462064251537934,0.37115516062884485,0.31100478468899523,0.5706493645478877
gtfD,Smu_LP13,S. mutans,virulence,4389,0.38801549327865115,0.05343511450381679,0.4839371155160629,0.3725222146274778,0.30758714969241285,0.5697765097732354
gtfD,Smu_B04Sm5,S. mutans,virulence,4389,0.3889268626110731,0.054481546572934976,0.4839371155160629,0.37320574162679426,0.30963773069036227,0.5680052478487253
gtfD,Smu_T8,S. mutans,virulence,4389,0.38573706994759627,0.05611340815121087,0.48325358851674644,0.3718386876281613,0.30211893369788106,0.5745551249757548
gtfD,Ssa_SK36,S. sanguinis,virulence,4707,0.4412577012959422,0.046701974000962924,0.5391969407265774,0.37093690248565964,0.41363926067558954,0.49909643643708723
gtfD,Ssa_SK1058,S. sanguinis,virulence,4713,0.44133248461701674,0.04903846153846154,0.5410566518141311,0.37046467218332274,0.41247612985359644,0.4955223623837151
gtfD,Sgo_CH1,S. gordonii,virulence,4734,0.42902408111533585,0.0654849827671098,0.5215462610899874,0.3574144486692015,0.40811153358681873,0.42718134729387447
gtfD,Sgo_FDA371,S. gordonii,virulence,4734,0.42944655682298266,0.06443679291687161,0.5253485424588086,0.35551330798479086,0.40747782002534855,0.4300570989757815
gtfD,Sgo_KCOM1506,S. gordonii,virulence,4539,0.42916942057721963,0.06673511293634497,0.5214805023132849,0.3588896232650364,0.4071381361533377,0.427669791825991
gtfD,Ssl_JIM8777,S. salivarius,virulence,4698,0.4591315453384419,-0.031061659712563746,0.5217113665389528,0.40293742017879947,0.45274584929757344,0.37592461020954604
gtfD,Ssl_ATCC27945,S. salivarius,virulence,4734,0.45859738065061256,-0.03178258866881621,0.5215462610899874,0.4005069708491762,0.45373891001267425,0.3692278745600337
gtfD,Ssl_HSISS4,S. salivarius,virulence,4686,0.4558258642765685,-0.0299625468164794,0.5211267605633803,0.39820742637644047,0.44814340588988477,0.3793889362016971
spaP,Smu_UA159,S. mutans,virulence,4689,0.399445510769887,-0.0058729311265349705,0.5310300703774792,0.4133077415227127,0.25399872040946897,0.592476945339857
spaP,Smu_NN2025,S. mutans,virulence,4701,0.3965113805573282,-0.004291845493562232,0.5322271857051691,0.408423739629866,0.2488832163369496,0.6005916593968217
spaP,Smu_GS-5,S. mutans,virulence,4689,0.399658775858392,-0.007470651013874066,0.5310300703774792,0.4126679462571977,0.255278310940499,0.590987441494599
spaP,Smu_LJ23,S. mutans,virulence,4701,0.39821314613911934,-0.002136752136752137,0.5328653477983408,0.40906190172303764,0.2527121888959796,0.593548501220743
spaP,Smu_UA140,S. mutans,virulence,4701,0.396936821952776,-0.0010718113612004287,0.5328653477983408,0.408423739629866,0.24952137843012126,0.5975259727320005
spaP,Smu_NG8,S. mutans,virulence,4701,0.3956604977664327,-0.0032258064516129032,0.5296745373324825,0.408423739629866,0.2488832163369496,0.600292410214915
spaP,Smu_LAR01,S. mutans,virulence,4689,0.399872040946897,-0.009066666666666667,0.5316698656429942,0.41394753678822777,0.25399872040946897,0.5920306201329869
spaP,Smu_LP13,S. mutans,virulence,4689,0.39901898059287694,-0.009086050240513094,0.5297504798464492,0.4126679462571977,0.254638515674984,0.5925256314699586
spaP,Smu_B04Sm5,S. mutans,virulence,4701,0.3965113805573282,-0.00536480686695279,0.5322271857051691,0.40906190172303764,0.2482450542437779,0.6008534867890467
spaP,Smu_T8,S. mutans,virulence,4701,0.3956604977664327,-0.002150537634408602,0.5296745373324825,0.4071474154435227,0.2501595405232929,0.5996711216886887
spaP,Ssa_SK36,S. sanguinis,virulence,4566,0.44524748138414366,0.043777668470241025,0.5630749014454665,0.4264126149802891,0.34625492772667543,0.44485062751176124
spaP,Ssa_SK1058,S. sanguinis,virulence,4566,0.44612352168199737,0.044673539518900345,0.5611038107752957,0.4244415243101183,0.3528252299605782,0.42658738564401455
spaP,Ssa_CGMH058,S. sanguinis,virulence,4566,0.44743758212877793,0.04356338717572198,0.5624178712220762,0.42772667542706966,0.35216819973718794,0.43789743288544264
spaP,Sgo_CH1,S. gordonii,virulence,4728,0.40080372250423013,0.022691292875989446,0.5469543147208121,0.39720812182741116,0.258248730964467,0.5319032075522966
spaP,Sgo_FDA371,S. gordonii,virulence,4737,0.4046865104496517,0.026604068857589983,0.5478150728309057,0.3983533882203927,0.26789107029765674,0.5174340482455485
spaP,Sgo_KCOM1506,S. gordonii,virulence,4620,0.4010822510822511,0.024284943335132217,0.5396103896103897,0.39155844155844155,0.2720779220779221,0.522099639546531
ftf,Smu_UA159,S. mutans,virulence,2388,0.3785594639865997,0.08628318584070796,0.49120603015075376,0.4045226130653266,0.2399497487437186,0.578272864447214
ftf,Smu_NN2025,S. mutans,virulence,2388,0.3785594639865997,0.08628318584070796,0.4886934673366834,0.40326633165829145,0.24371859296482412,0.5806432032043403
ftf,Smu_GS-5,S. mutans,virulence,2388,0.38107202680067004,0.08131868131868132,0.4949748743718593,0.40703517587939697,0.24120603015075376,0.5773172364519984
ftf,Smu_LJ23,S. mutans,virulence,2388,0.37981574539363483,0.08930540242557883,0.4937185929648241,0.4045226130653266,0.24120603015075376,0.5768936329512263
ftf,Smu_UA140,S. mutans,virulence,2388,0.3777219430485762,0.08647450110864745,0.4886934673366834,0.40326633165829145,0.24120603015075376,0.5816483739305595
ftf,Smu_NG8,S. mutans,virulence,2388,0.3789782244556114,0.08729281767955802,0.49120603015075376,0.4057788944723618,0.2399497487437186,0.5768146271624046
ftf,Smu_LAR01,S. mutans,virulence,2388,0.3823283082077052,0.08433734939759036,0.4949748743718593,0.40703517587939697,0.2449748743718593,0.5787207944818472
ftf,Smu_LP13,S. mutans,virulence,2388,0.38023450586264657,0.0881057268722467,0.49120603015075376,0.4057788944723618,0.24371859296482412,0.5773426179266307
ftf,Smu_B04Sm5,S. mutans,virulence,2388,0.3789782244556114,0.08508287292817679,0.49120603015075376,0.4045226130653266,0.24120603015075376,0.5802629089604042
ftf,Smu_T8,S. mutans,virulence,2388,0.3814907872696817,0.08232711306256861,0.4962311557788945,0.40703517587939697,0.24120603015075376,0.5767783589175844
ftf,Ssl_JIM8777,S. salivarius,virulence,2916,0.41872427983539096,-0.018837018837018837,0.5246913580246914,0.44238683127572015,0.2890946502057613,0.5290484551878951
ftf,Ssl_ATCC27945,S. salivarius,virulence,2916,0.4152949245541838,-0.009083402146985962,0.5236625514403292,0.43930041152263377,0.2829218106995885,0.5262581786708773
ftf,Ssl_HSISS4,S. salivarius,virulence,2916,0.41941015089163236,-0.025347506132461162,0.5246913580246914,0.4434156378600823,0.29012345679012347,0.5250504746445219
luxS,Smu_UA159,S. mutans,virulence,483,0.39337474120082816,0.0,0.515527950310559,0.37888198757763975,0.2857142857142857,0.5491975447738202
luxS,Smu_NN2025,S. mutans,virulence,483,0.39751552795031053,-0.010416666666666666,0.515527950310559,0.38509316770186336,0.2919254658385093,0.5477076990871457
luxS,Smu_GS-5,S. mutans,virulence,483,0.39751552795031053,-0.010416666666666666,0.515527950310559,0.38509316770186336,0.2919254658385093,0.5441795236783142
luxS,Smu_LJ23,S. mutans,virulence,483,0.39751552795031053,-0.010416666666666666,0.515527950310559,0.391304347826087,0.2857142857142857,0.5437680085919836
luxS,Smu_UA140,S. mutans,virulence,483,0.39544513457556935,-0.015706806282722512,0.515527950310559,0.391304347826087,0.2795031055900621,0.5522128527988536
luxS,Smu_NG8,S. mutans,virulence,483,0.39337474120082816,0.0,0.515527950310559,0.37888198757763975,0.2857142857142857,0.5487802850323111
luxS,Smu_LAR01,S. mutans,virulence,483,0.39751552795031053,-0.010416666666666666,0.515527950310559,0.38509316770186336,0.2919254658385093,0.5449618979707437
luxS,Smu_LP13,S. mutans,virulence,483,0.39337474120082816,0.0,0.515527950310559,0.37888198757763975,0.2857142857142857,0.5459122420986053
luxS,Smu_B04Sm5,S. mutans,virulence,483,0.39544513457556935,-0.015706806282722512,0.5093167701863354,0.38509316770186336,0.2919254658385093,0.5426469038549906
luxS,Smu_T8,S. mutans,virulence,483,0.3995859213250518,-0.0051813471502590676,0.5217391304347826,0.37888198757763975,0.2981366459627329,0.541773146449741
luxS,Ssa_SK36,S. sanguinis,virulence,483,0.46790890269151136,-0.035398230088495575,0.5341614906832298,0.38509316770186336,0.484472049689441,0.4808232805478745
luxS,Ssa_SK1058,S. sanguinis,virulence,483,0.474120082815735,-0.03056768558951965,0.5217391304347826,0.38509316770186336,0.515527950310559,0.47711349775166567
luxS,Ssa_CGMH058,S. sanguinis,virulence,483,0.4472049689440994,-0.027777777777777776,0.5217391304347826,0.38509316770186336,0.43478260869565216,0.48498240713435853
luxS,Sgo_CH1,S. gordonii,virulence,483,0.4409937888198758,-0.06103286384976526,0.5341614906832298,0.391304347826087,0.39751552795031053,0.40149694691461935
luxS,Sgo_FDA371,S. gordonii,virulence,483,0.4389233954451346,-0.04716981132075472,0.5341614906832298,0.391304347826087,0.391304347826087,0.4279036205755521
luxS,Sgo_KCOM1506,S. gordonii,virulence,483,0.43685300207039335,-0.04265402843601896,0.5279503105590062,0.391304347826087,0.391304347826087,0.4330330662952627
luxS,Smi_B6,S. mitis,virulence,483,0.44306418219461696,-0.06542056074766354,0.5279503105590062,0.391304347826087,0.40993788819875776,0.4636440061458276
luxS,Smi_NCTC12261,S. mitis,virulence,483,0.4658385093167702,-0.07555555555555556,0.5279503105590062,0.391304347826087,0.4782608695652174,0.4105896308751861
luxS,Smi_SK637,S. mitis,virulence,483,0.4575569358178054,-0.07692307692307693,0.5279503105590062,0.391304347826087,0.453416149068323,0.4122214826453874
luxS,Ssl_JIM8777,S. salivarius,virulence,483,0.391304347826087,-0.026455026455026454,0.546583850931677,0.36645962732919257,0.2608695652173913,0.564463735126645
luxS,Ssl_ATCC27945,S. salivarius,virulence,483,0.39337474120082816,-0.042105263157894736,0.546583850931677,0.36645962732919257,0.2670807453416149,0.5702845368163281
luxS,Ssl_HSISS4,S. salivarius,virulence,483,0.39544513457556935,-0.03664921465968586,0.546583850931677,0.36645962732919257,0.2732919254658385,0.5610077462352916
recA,Smu_UA159,S. mutans,control,1152,0.3914930555555556,0.22394678492239467,0.578125,0.359375,0.23697916666666666,0.5946494331590727
recA,Smu_NN2025,S. mutans,control,1152,0.3940972222222222,0.22026431718061673,0.578125,0.359375,0.24479166666666666,0.594925791793244
recA,Smu_GS-5,S. mutans,control,1152,0.3932291666666667,0.2185430463576159,0.578125,0.359375,0.2421875,0.5993913617265701
recA,Smu_LJ23,S. mutans,control,1152,0.3923611111111111,0.22123893805309736,0.578125,0.359375,0.23958333333333334,0.5987873158874004
recA,Smu_UA140,S. mutans,control,1152,0.3940972222222222,0.22026431718061673,0.578125,0.359375,0.24479166666666666,0.5951352150328023
recA,Smu_NG8,S. mutans,control,1152,0.3923611111111111,0.22123893805309736,0.578125,0.359375,0.23958333333333334,0.601096854349896
recA,Smu_LAR01,S. mutans,control,1152,0.3923611111111111,0.22123893805309736,0.578125,0.359375,0.23958333333333334,0.6014244010708197
recA,Smu_LP13,S. mutans,control,1152,0.3932291666666667,0.2185430463576159,0.578125,0.359375,0.2421875,0.5976847273613618
recA,Smu_B04Sm5,S. mutans,control,1152,0.3914930555555556,0.22394678492239467,0.578125,0.359375,0.23697916666666666,0.6000573739393031
recA,Smu_T8,S. mutans,control,1152,0.3940972222222222,0.22026431718061673,0.578125,0.359375,0.24479166666666666,0.59442045577031
recA,Ssa_SK36,S. sanguinis,control,1149,0.45691906005221933,0.18476190476190477,0.597911227154047,0.36553524804177545,0.4073107049608355,0.5125745423326066
recA,Ssa_SK1058,S. sanguinis,control,1149,0.4630113141862489,0.18796992481203006,0.5900783289817232,0.3629242819843342,0.4360313315926893,0.515239835437684
recA,Ssa_CGMH058,S. sanguinis,control,1149,0.4525674499564839,0.19615384615384615,0.587467362924282,0.36553524804177545,0.4046997389033943,0.5517907551343074
recA,Sgo_CH1,S. gordonii,control,1152,0.4322916666666667,0.1646586345381526,0.5807291666666666,0.3671875,0.3489583333333333,0.5310156554493334
recA,Sgo_FDA371,S. gordonii,control,1152,0.4340277777777778,0.16,0.5807291666666666,0.3671875,0.3541666666666667,0.5291551478386516
recA,Sgo_KCOM1506,S. gordonii,control,1152,0.4366319444444444,0.14910536779324055,0.5833333333333334,0.3645833333333333,0.3619791666666667,0.5055098758900547
recA,Smi_B6,S. mitis,control,1155,0.43376623376623374,0.1656686626746507,0.5948051948051948,0.35844155844155845,0.34805194805194806,0.5413421570167313
recA,Smi_NCTC12261,S. mitis,control,1155,0.43203463203463205,0.15831663326653306,0.5896103896103896,0.35844155844155845,0.34805194805194806,0.5407802421799699
recA,Ssl_JIM8777,S. salivarius,control,1140,0.4,0.18421052631578946,0.6052631578947368,0.3605263157894737,0.23421052631578948,0.4987390723015502
recA,Ssl_ATCC27945,S. salivarius,control,1140,0.39210526315789473,0.19463087248322147,0.6052631578947368,0.3605263157894737,0.21052631578947367,0.5312757769084672
recA,Ssl_HSISS4,S. salivarius,control,1140,0.3991228070175439,0.1956043956043956,0.6052631578947368,0.3605263157894737,0.23157894736842105,0.5111929810831944
rpoB,Smu_UA159,S. mutans,control,3564,0.40852974186307517,0.12774725274725274,0.6018518518518519,0.3627946127946128,0.2609427609427609,0.6309245437577139
rpoB,Smu_NN2025,S. mutans,control,3564,0.40768799102132436,0.13007570543702685,0.601010101010101,0.3627946127946128,0.25925925925925924,0.6308529792344856
rpoB,Smu_GS-5,S. mutans,control,3564,0.4068462401795735,0.1310344827586207,0.601010101010101,0.3627946127946128,0.25673400673400676,0.6314443054241562
rpoB,Smu_LJ23,S. mutans,control,3564,0.4079685746352413,0.1265474552957359,0.6001683501683501,0.3627946127946128,0.2609427609427609,0.6282333072331117
rpoB,Smu_UA140,S. mutans,control,3564,0.40881032547699214,0.12834591626630062,0.6018518518518519,0.3627946127946128,0.2617845117845118,0.6326251719337632
rpoB,Smu_NG8,S. mutans,control,3564,0.4074074074074074,0.128099173553719,0.601010101010101,0.3627946127946128,0.25841750841750843,0.6342403425868146
rpoB,Smu_LAR01,S. mutans,control,3564,0.40824915824915825,0.12714776632302405,0.601010101010101,0.3627946127946128,0.2609427609427609,0.6300859228000328
rpoB,Smu_LP13,S. mutans,control,3564,0.40881032547699214,0.12560054907343857,0.601010101010101,0.3627946127946128,0.26262626262626265,0.6262000449103778
rpoB,Smu_B04Sm5,S. mutans,control,3564,0.40881032547699214,0.1269732326698696,0.601010101010101,0.3627946127946128,0.26262626262626265,0.6288486289319577
rpoB,Smu_T8,S. mutans,control,3564,0.4090909090909091,0.12482853223593965,0.601010101010101,0.3627946127946128,0.26346801346801346,0.6329255754054215
rpoB,Ssa_SK36,S. sanguinis,control,3567,0.4653770675637791,0.06626506024096386,0.607232968881413,0.36585365853658536,0.42304457527333894,0.528824531945965
rpoB,Ssa_SK1058,S. sanguinis,control,3567,0.46285393888421644,0.06238643246517262,0.6089150546677881,0.3641715727502103,0.415475189234651,0.551578349719782
rpoB,Ssa_CGMH058,S. sanguinis,control,3567,0.4687412391365293,0.06937799043062201,0.6080740117746005,0.36585365853658536,0.432296047098402,0.5325059906341799
rpoB,Sgo_CH1,S. gordonii,control,3567,0.4443509952340903,0.07381703470031546,0.6097560975609756,0.3641715727502103,0.35912531539108494,0.5500599573757833
rpoB,Sgo_FDA371,S. gordonii,control,3567,0.4477151668068405,0.08328115216030056,0.6080740117746005,0.3633305298570227,0.37174095878889823,0.5498019018601222
rpoB,Sgo_KCOM1506,S. gordonii,control,3567,0.44687412391365294,0.08155583437892096,0.607232968881413,0.3633305298570227,0.3700588730025231,0.5469160733340472
rpoB,Smi_B6,S. mitis,control,3609,0.44389027431421446,0.05118601747815231,0.6068162926018288,0.3657522859517872,0.35910224438902744,0.6067914190686491
rpoB,Smi_NCTC12261,S. mitis,control,3606,0.4453688297282307,0.0448318804483188,0.6064891846921797,0.36605657237936773,0.36356073211314477,0.5828999623509317
rpoB,Smi_SK637,S. mitis,control,3609,0.4433361041839845,0.04875,0.6068162926018288,0.3640897755610973,0.35910224438902744,0.594659716662128
rpoB,Ssl_JIM8777,S. salivarius,control,3582,0.4296482412060301,0.06042884990253411,0.6063651591289783,0.3601340033500838,0.3224455611390285,0.6363426321514184
rpoB,Ssl_ATCC27945,S. salivarius,control,3582,0.42992741485203795,0.06103896103896104,0.6072026800670016,0.3609715242881072,0.32160804020100503,0.6512465687343506
rpoB,Ssl_HSISS4,S. salivarius,control,3582,0.4296482412060301,0.057829759584145546,0.6072026800670016,0.3609715242881072,0.32077051926298156,0.6402759307394479
gyrB,Smu_UA159,S. mutans,control,1953,0.402457757296467,0.13740458015267176,0.5499231950844854,0.34715821812596004,0.3102918586789555,0.5485024715400092
gyrB,Smu_NN2025,S. mutans,control,1953,0.4019457245263697,0.13885350318471337,0.5499231950844854,0.34715821812596004,0.3087557603686636,0.5519151646764241
gyrB,Smu_GS-5,S. mutans,control,1953,0.39938556067588327,0.14871794871794872,0.5499231950844854,0.34715821812596004,0.3010752688172043,0.5514357540984302
gyrB,Smu_LJ23,S. mutans,control,1953,0.3983614951356887,0.14395886889460155,0.5499231950844854,0.34715821812596004,0.2980030721966206,0.5521780720054567
gyrB,Smu_UA140,S. mutans,control,1953,0.39938556067588327,0.14615384615384616,0.5499231950844854,0.34715821812596004,0.3010752688172043,0.553257182756103
gyrB,Smu_NG8,S. mutans,control,1953,0.39938556067588327,0.14871794871794872,0.5499231950844854,0.34715821812596004,0.3010752688172043,0.5501011902631654
gyrB,Smu_LAR01,S. mutans,control,1953,0.3998975934459805,0.14212548015364918,0.5514592933947773,0.3456221198156682,0.30261136712749614,0.5575036438875388
gyrB,Smu_LP13,S. mutans,control,1953,0.3983614951356887,0.14910025706940874,0.5499231950844854,0.34715821812596004,0.2980030721966206,0.5481194437820986
gyrB,Smu_B04Sm5,S. mutans,control,1953,0.3998975934459805,0.13956466069142126,0.5514592933947773,0.3456221198156682,0.30261136712749614,0.5519829914292458
gyrB,Smu_T8,S. mutans,control,1953,0.3983614951356887,0.13624678663239073,0.5499231950844854,0.34715821812596004,0.2980030721966206,0.5550433544529348
gyrB,Ssa_SK36,S. sanguinis,control,1950,0.47025641025641024,0.07960741548527808,0.5892307692307692,0.36,0.46153846153846156,0.41395371454026125
gyrB,Ssa_SK1058,S. sanguinis,control,1950,0.47333333333333333,0.07475622968580715,0.5907692307692308,0.36,0.46923076923076923,0.41414088268599253
gyrB,Sgo_CH1,S. gordonii,control,1950,0.4148717948717949,0.1273176761433869,0.5646153846153846,0.3553846153846154,0.32461538461538464,0.4756999083834009
gyrB,Sgo_FDA371,S. gordonii,control,1950,0.4169230769230769,0.10947109471094711,0.5615384615384615,0.3569230769230769,0.3323076923076923,0.4796857723722462
gyrB,Sgo_KCOM1506,S. gordonii,control,1950,0.4128205128205128,0.12049689440993788,0.563076923076923,0.3569230769230769,0.31846153846153846,0.4867859325317229
gyrB,Smi_B6,S. mitis,control,1947,0.4268104776579353,0.08784596871239471,0.5824345146379045,0.3605546995377504,0.337442218798151,0.4397703214786374
gyrB,Smi_NCTC12261,S. mitis,control,1947,0.4196199280945044,0.09179926560587515,0.5793528505392912,0.35901386748844377,0.3204930662557781,0.4399863634616006
gyrB,Smi_SK637,S. mitis,control,1947,0.42424242424242425,0.08958837772397095,0.576271186440678,0.3605546995377504,0.3359013867488444,0.4174235342567623
gyrB,Ssl_JIM8777,S. salivarius,control,1953,0.43164362519201227,0.11269276393831554,0.5683563748079877,0.3563748079877112,0.37019969278033793,0.42445153236952193
gyrB,Ssl_ATCC27945,S. salivarius,control,1953,0.4362519201228879,0.11502347417840375,0.5714285714285714,0.3563748079877112,0.38095238095238093,0.4117385617071273
gyrB,Ssl_HSISS4,S. salivarius,control,1953,0.43164362519201227,0.11269276393831554,0.5683563748079877,0.3563748079877112,0.37019969278033793,0.42159971558681736
gyrA,Smu_UA159,S. mutans,control,2463,0.39545269995939913,0.1375770020533881,0.5444579780755177,0.364190012180268,0.2777101096224117,0.5302915069977808
gyrA,Smu_NN2025,S. mutans,control,2463,0.39585870889159563,0.13435897435897437,0.5456760048721072,0.364190012180268,0.2777101096224117,0.5283573050245435
gyrA,Smu_GS-5,S. mutans,control,2463,0.39626471782379213,0.13934426229508196,0.5444579780755177,0.364190012180268,0.2801461632155907,0.5264855880238382
gyrA,Smu_LJ23,S. mutans,control,2463,0.39585870889159563,0.13435897435897437,0.5456760048721072,0.3629719853836784,0.2789281364190012,0.5263179715163961
gyrA,Smu_UA140,S. mutans,control,2463,0.3946406820950061,0.13580246913580246,0.5444579780755177,0.3629719853836784,0.27649208282582216,0.5322883505500271
gyrA,Smu_NG8,S. mutans,control,2463,0.39667072675598863,0.13613101330603888,0.5468940316686967,0.3629719853836784,0.2801461632155907,0.5247492450535394
gyrA,Smu_LAR01,S. mutans,control,2463,0.39545269995939913,0.13552361396303902,0.5456760048721072,0.364190012180268,0.27649208282582216,0.529901105675459
gyrA,Smu_LP13,S. mutans,control,2463,0.39545269995939913,0.1375770020533881,0.5444579780755177,0.364190012180268,0.2777101096224117,0.5297757351480539
gyrA,Smu_B04Sm5,S. mutans,control,2463,0.39626471782379213,0.13319672131147542,0.5444579780755177,0.364190012180268,0.2801461632155907,0.5260250252235597
gyrA,Smu_T8,S. mutans,control,2463,0.39707673568818513,0.14314928425357873,0.5456760048721072,0.364190012180268,0.28136419001218027,0.5256977594070572
gyrA,Ssa_SK36,S. sanguinis,control,2460,0.4556910569105691,0.14897413024085637,0.5902439024390244,0.3646341463414634,0.4121951219512195,0.43761011838948016
gyrA,Ssa_SK1058,S. sanguinis,control,2460,0.4560975609756098,0.1497326203208556,0.5890243902439024,0.3646341463414634,0.4146341463414634,0.43739065553321005
gyrA,Ssa_CGMH058,S. sanguinis,control,2445,0.45807770961145194,0.13392857142857142,0.5877300613496933,0.36687116564417177,0.4196319018404908,0.427329034216409
gyrA,Sgo_CH1,S. gordonii,control,2454,0.40749796251018744,0.178,0.5684596577017115,0.3569682151589242,0.29706601466992666,0.4531556690185512
gyrA,Sgo_FDA371,S. gordonii,control,2454,0.41157294213528933,0.16633663366336635,0.5733496332518337,0.3569682151589242,0.30440097799511,0.46387055411234784
gyrA,Sgo_KCOM1506,S. gordonii,control,2454,0.415240423797881,0.1560353287536801,0.5745721271393643,0.3581907090464548,0.31295843520782396,0.4616465328190145
gyrA,Smi_B6,S. mitis,control,2469,0.4333738355609559,0.17009345794392525,0.5662211421628189,0.3572296476306197,0.37667071688942894,0.42473382803562276
gyrA,Smi_NCTC12261,S. mitis,control,2469,0.43013365735115433,0.14689265536723164,0.5698663426488457,0.3572296476306197,0.36330498177399756,0.41806716706914604
gyrA,Smi_SK637,S. mitis,control,2469,0.4268934791413528,0.14231499051233396,0.5698663426488457,0.35844471445929527,0.35236938031591736,0.42490750452546666
gyrA,Ssl_JIM8777,S. salivarius,control,2469,0.4305386796273795,0.11759172154280338,0.574726609963548,0.36816524908869985,0.3487241798298906,0.44485228515633196
gyrA,Ssl_ATCC27945,S. salivarius,control,2469,0.4293236127987039,0.11886792452830189,0.5735115431348724,0.36816524908869985,0.3462940461725395,0.46573202350281584
gyrA,Ssl_HSISS4,S. salivarius,control,2469,0.4260834345889024,0.12167300380228137,0.5735115431348724,0.36573511543134873,0.33900364520048604,0.4578060862450078
sodA,Smu_UA159,S. mutans,control,612,0.4035947712418301,-0.012145748987854251,0.5833333333333334,0.37745098039215685,0.25,0.679973256648671
sodA,Smu_NN2025,S. mutans,control,612,0.4068627450980392,-0.012048192771084338,0.5833333333333334,0.37745098039215685,0.25980392156862747,0.6630849534797996
sodA,Smu_GS-5,S. mutans,control,612,0.4035947712418301,-0.012145748987854251,0.5784313725490197,0.37745098039215685,0.2549019607843137,0.6835312378784405
sodA,Smu_LJ23,S. mutans,control,612,0.40522875816993464,-0.016129032258064516,0.5833333333333334,0.37745098039215685,0.2549019607843137,0.6769737358450965
sodA,Smu_UA140,S. mutans,control,612,0.4035947712418301,-0.012145748987854251,0.5784313725490197,0.37745098039215685,0.2549019607843137,0.6846035720217724
sodA,Smu_NG8,S. mutans,control,612,0.4035947712418301,-0.012145748987854251,0.5784313725490197,0.37745098039215685,0.2549019607843137,0.6843705890147533
sodA,Smu_LAR01,S. mutans,control,612,0.4068627450980392,-0.012048192771084338,0.5882352941176471,0.37745098039215685,0.2549019607843137,0.6781978143002138
sodA,Smu_LP13,S. mutans,control,612,0.4035947712418301,-0.012145748987854251,0.5784313725490197,0.37745098039215685,0.2549019607843137,0.682032345346682
sodA,Smu_B04Sm5,S. mutans,control,612,0.4035947712418301,-0.012145748987854251,0.5784313725490197,0.37745098039215685,0.2549019607843137,0.6815744917844682
sodA,Smu_T8,S. mutans,control,612,0.4035947712418301,-0.012145748987854251,0.5784313725490197,0.37745098039215685,0.2549019607843137,0.682767886625937
sodA,Ssa_SK36,S. sanguinis,control,606,0.42574257425742573,0.015503875968992248,0.5445544554455446,0.37623762376237624,0.3564356435643564,0.6539881847844102
sodA,Ssa_SK1058,S. sanguinis,control,606,0.4174917491749175,0.003952569169960474,0.5346534653465347,0.3811881188118812,0.33663366336633666,0.6240307109443832
sodA,Ssa_CGMH058,S. sanguinis,control,606,0.4207920792079208,0.0196078431372549,0.5445544554455446,0.37623762376237624,0.3415841584158416,0.6312998989608389
sodA,Sgo_CH1,S. gordonii,control,606,0.3976897689768977,0.012448132780082987,0.5445544554455446,0.36633663366336633,0.28217821782178215,0.6808183710177659
sodA,Sgo_FDA371,S. gordonii,control,606,0.39933993399339934,0.024793388429752067,0.5495049504950495,0.3712871287128713,0.27722772277227725,0.6957079424807013
sodA,Sgo_KCOM1506,S. gordonii,control,606,0.400990099009901,0.012345679012345678,0.5495049504950495,0.3712871287128713,0.28217821782178215,0.6992115617894338
sodA,Smi_B6,S. mitis,control,606,0.42574257425742573,-0.07751937984496124,0.5544554455445545,0.3712871287128713,0.35148514851485146,0.7304377783632493
sodA,Smi_NCTC12261,S. mitis,control,606,0.4372937293729373,-0.08679245283018867,0.5643564356435643,0.3811881188118812,0.36633663366336633,0.6978901747515814
sodA,Smi_SK637,S. mitis,control,606,0.4372937293729373,-0.08679245283018867,0.5643564356435643,0.3811881188118812,0.36633663366336633,0.6972658856322581
sodA,Ssl_JIM8777,S. salivarius,control,606,0.41914191419141916,-0.09448818897637795,0.6138613861386139,0.37623762376237624,0.26732673267326734,0.7243425253782103
sodA,Ssl_ATCC27945,S. salivarius,control,606,0.42574257425742573,-0.10077519379844961,0.6138613861386139,0.37623762376237624,0.2871287128712871,0.7103745824637083
sodA,Ssl_HSISS4,S. salivarius,control,606,0.4207920792079208,-0.09803921568627451,0.6138613861386139,0.37623762376237624,0.2722772277227723,0.7223035800645639
pheS,Smu_UA159,S. mutans,control,1044,0.4013409961685824,0.11217183770883055,0.5574712643678161,0.3390804597701149,0.3074712643678161,0.5211924935429061
pheS,Smu_NN2025,S. mutans,control,1044,0.40325670498084293,0.12114014251781473,0.5603448275862069,0.34195402298850575,0.3074712643678161,0.5186865318409077
pheS,Smu_GS-5,S. mutans,control,1044,0.4042145593869732,0.11848341232227488,0.5603448275862069,0.33620689655172414,0.3160919540229885,0.5079152844559921
pheS,Smu_LJ23,S. mutans,control,1044,0.3975095785440613,0.12771084337349398,0.5545977011494253,0.3390804597701149,0.2988505747126437,0.5227654231717389
pheS,Smu_UA140,S. mutans,control,1044,0.4061302681992337,0.11320754716981132,0.5603448275862069,0.34195402298850575,0.3160919540229885,0.5072931701680266
pheS,Smu_NG8,S. mutans,control,1044,0.3994252873563218,0.1223021582733813,0.5545977011494253,0.3390804597701149,0.3045977011494253,0.5136508557104319
pheS,Smu_LAR01,S. mutans,control,1044,0.4042145593869732,0.11848341232227488,0.5545977011494253,0.34195402298850575,0.3160919540229885,0.5149055943297555
pheS,Smu_LP13,S. mutans,control,1044,0.4061302681992337,0.10849056603773585,0.5603448275862069,0.3390804597701149,0.31896551724137934,0.5131778763273341
pheS,Smu_B04Sm5,S. mutans,control,1044,0.4042145593869732,0.12322274881516587,0.5603448275862069,0.3390804597701149,0.3132183908045977,0.5104802616186297
pheS,Smu_T8,S. mutans,control,1044,0.4042145593869732,0.12796208530805686,0.5574712643678161,0.3390804597701149,0.3160919540229885,0.518986492614667
pheS,Ssa_SK36,S. sanguinis,control,1050,0.4819047619047619,0.11462450592885376,0.5914285714285714,0.3514285714285714,0.5028571428571429,0.39829138058241265
pheS,Ssa_SK1058,S. sanguinis,control,1050,0.4857142857142857,0.12941176470588237,0.5857142857142857,0.3514285714285714,0.52,0.39339643074508135
pheS,Ssa_CGMH058,S. sanguinis,control,1047,0.4890162368672397,0.1171875,0.5959885386819485,0.3553008595988539,0.5157593123209169,0.40995281602635014
pheS,Sgo_CH1,S. gordonii,control,1050,0.4866666666666667,0.10371819960861056,0.5857142857142857,0.35428571428571426,0.52,0.33281760425510715
pheS,Sgo_FDA371,S. gordonii,control,1050,0.4828571428571429,0.1203155818540434,0.5857142857142857,0.3514285714285714,0.5114285714285715,0.34379522685432234
pheS,Sgo_KCOM1506,S. gordonii,control,1050,0.48095238095238096,0.12079207920792079,0.5857142857142857,0.35428571428571426,0.5028571428571429,0.34037819363632094
pheS,Smi_B6,S. mitis,control,1047,0.4574976122254059,0.07724425887265135,0.5816618911174785,0.3667621776504298,0.42406876790830944,0.4768039957771141
pheS,Smi_NCTC12261,S. mitis,control,1047,0.4594078319006686,0.07692307692307693,0.5902578796561605,0.3638968481375358,0.42406876790830944,0.4752686906091267
pheS,Smi_SK637,S. mitis,control,1047,0.45367717287488063,0.1031578947368421,0.5873925501432665,0.3638968481375358,0.40974212034383956,0.4877474732298978
pheS,Ssl_JIM8777,S. salivarius,control,1044,0.41954022988505746,0.0684931506849315,0.5833333333333334,0.3448275862068966,0.33045977011494254,0.5957946592758716
pheS,Ssl_ATCC27945,S. salivarius,control,1044,0.41954022988505746,0.0776255707762557,0.5833333333333334,0.3448275862068966,0.33045977011494254,0.6131304071321477
pheS,Ssl_HSISS4,S. salivarius,control,1044,0.421455938697318,0.07727272727272727,0.5804597701149425,0.3448275862068966,0.3390804597701149,0.5570417102584234
atpD,Smu_UA159,S. mutans,control,1407,0.4314143567874911,0.11696869851729819,0.6289978678038379,0.39019189765458423,0.27505330490405117,0.5552694540145452
atpD,Smu_NN2025,S. mutans,control,1407,0.4314143567874911,0.11367380560131796,0.6289978678038379,0.39019189765458423,0.27505330490405117,0.557087146156501
atpD,Smu_GS-5,S. mutans,control,1407,0.43070362473347545,0.11551155115511551,0.6289978678038379,0.39019189765458423,0.27292110874200426,0.5543306843296688
atpD,Smu_LJ23,S. mutans,control,1407,0.4314143567874911,0.11367380560131796,0.6289978678038379,0.39019189765458423,0.27505330490405117,0.5570899634558978
atpD,Smu_UA140,S. mutans,control,1407,0.4314143567874911,0.11696869851729819,0.6289978678038379,0.39019189765458423,0.27505330490405117,0.5607465425681963
atpD,Smu_NG8,S. mutans,control,1407,0.42999289267945984,0.11735537190082644,0.6289978678038379,0.39019189765458423,0.27078891257995735,0.5647516969227709
atpD,Smu_LAR01,S. mutans,control,1407,0.42999289267945984,0.1140495867768595,0.6289978678038379,0.39019189765458423,0.27078891257995735,0.5606193152201767
atpD,Smu_LP13,S. mutans,control,1407,0.42999289267945984,0.11735537190082644,0.6289978678038379,0.39019189765458423,0.27078891257995735,0.5604022283962786
atpD,Smu_B04Sm5,S. mutans,control,1407,0.4314143567874911,0.11367380560131796,0.6289978678038379,0.39019189765458423,0.27505330490405117,0.5545547783387923
atpD,Smu_T8,S. mutans,control,1407,0.43070362473347545,0.1188118811881188,0.6289978678038379,0.39019189765458423,0.27292110874200426,0.5572381153207739
atpD,Ssa_SK36,S. sanguinis,control,1407,0.4975124378109453,0.11714285714285715,0.6247334754797441,0.39232409381663114,0.47547974413646055,0.4033888596560663
atpD,Ssa_SK1058,S. sanguinis,control,1407,0.4953802416488984,0.11908177905308465,0.6183368869936035,0.39232409381663114,0.47547974413646055,0.4090140504263708
atpD,Ssa_CGMH058,S. sanguinis,control,1407,0.4953802416488984,0.11908177905308465,0.6268656716417911,0.39019189765458423,0.4690831556503198,0.404434296527315
atpD,Sgo_CH1,S. gordonii,control,1407,0.45557924662402277,0.07644305772230889,0.6183368869936035,0.39232409381663114,0.35607675906183367,0.5085881132487627
atpD,Sgo_FDA371,S. gordonii,control,1407,0.4520255863539446,0.08176100628930817,0.6140724946695096,0.39019189765458423,0.35181236673773986,0.5239637601541152
atpD,Sgo_KCOM1506,S. gordonii,control,1407,0.457000710732054,0.08242612752721618,0.6183368869936035,0.39232409381663114,0.3603411513859275,0.4991556627913071
atpD,Smi_B6,S. mitis,control,1407,0.4470504619758351,0.06836248012718601,0.605543710021322,0.39019189765458423,0.34541577825159914,0.5821158157571352
atpD,Smi_NCTC12261,S. mitis,control,1407,0.4463397299218195,0.06369426751592357,0.603411513859275,0.39019189765458423,0.34541577825159914,0.5691901544754236
atpD,Smi_SK637,S. mitis,control,1407,0.44349680170575695,0.07371794871794872,0.603411513859275,0.39019189765458423,0.3368869936034115,0.5681124365606649
atpD,Ssl_JIM8777,S. salivarius,control,1407,0.4463397299218195,0.022292993630573247,0.6226012793176973,0.40085287846481876,0.31556503198294245,0.5816218973990444
atpD,Ssl_ATCC27945,S. salivarius,control,1407,0.43923240938166314,0.02912621359223301,0.6226012793176973,0.40085287846481876,0.2942430703624733,0.6034191774807154
atpD,Ssl_HSISS4,S. salivarius,control,1407,0.44420753375977257,0.0272,0.6226012793176973,0.40085287846481876,0.3091684434968017,0.5972865812159728
tuf,Smu_UA159,S. mutans,control,1197,0.4093567251461988,0.024489795918367346,0.6290726817042607,0.37092731829573933,0.22807017543859648,0.7948421703282272
tuf,Smu_NN2025,S. mutans,control,1197,0.4076858813700919,0.02459016393442623,0.6290726817042607,0.37092731829573933,0.22305764411027568,0.8013553352181567
tuf,Smu_GS-5,S. mutans,control,1197,0.40852130325814534,0.026584867075664622,0.6290726817042607,0.37092731829573933,0.22556390977443608,0.794898446318899
tuf,Smu_LJ23,S. mutans,control,1197,0.4076858813700919,0.02459016393442623,0.6290726817042607,0.37092731829573933,0.22305764411027568,0.7983971107686625
tuf,Smu_UA140,S. mutans,control,1197,0.4068504594820384,0.026694045174537988,0.631578947368421,0.37092731829573933,0.21804511278195488,0.8072260610047753
tuf,Smu_NG8,S. mutans,control,1197,0.4093567251461988,0.024489795918367346,0.6290726817042607,0.37092731829573933,0.22807017543859648,0.7942295195758712
tuf,Smu_LAR01,S. mutans,control,1197,0.4076858813700919,0.02459016393442623,0.6290726817042607,0.37092731829573933,0.22305764411027568,0.8018823986979299
tuf,Smu_LP13,S. mutans,control,1197,0.4093567251461988,0.024489795918367346,0.6290726817042607,0.37092731829573933,0.22807017543859648,0.7938253795337498
tuf,Smu_B04Sm5,S. mutans,control,1197,0.4076858813700919,0.020491803278688523,0.6290726817042607,0.37092731829573933,0.22305764411027568,0.8025776571821788
tuf,Smu_T8,S. mutans,control,1197,0.40350877192982454,0.035196687370600416,0.631578947368421,0.37092731829573933,0.20802005012531327,0.8093107967078398
tuf,Ssa_SK36,S. sanguinis,control,1197,0.4477861319966583,-0.026119402985074626,0.6140350877192983,0.3659147869674185,0.3634085213032581,0.7969902427677973
tuf,Ssa_SK1058,S. sanguinis,control,1197,0.44862155388471175,-0.027932960893854747,0.6140350877192983,0.3659147869674185,0.3659147869674185,0.8090671204430943
tuf,Ssa_CGMH058,S. sanguinis,control,1197,0.44862155388471175,-0.020484171322160148,0.6140350877192983,0.3659147869674185,0.3659147869674185,0.7928760021194702
tuf,Sgo_CH1,S. gordonii,control,1197,0.44110275689223055,-0.030303030303030304,0.6115288220551378,0.3634085213032581,0.3483709273182957,0.8155874460173977
tuf,Sgo_FDA371,S. gordonii,control,1197,0.44110275689223055,-0.030303030303030304,0.6140350877192983,0.3634085213032581,0.3458646616541353,0.8170035398498974
tuf,Sgo_KCOM1506,S. gordonii,control,1197,0.4394319131161236,-0.034220532319391636,0.6140350877192983,0.3634085213032581,0.3408521303258145,0.8229227290345537
tuf,Smi_B6,S. mitis,control,1197,0.44360902255639095,-0.05084745762711865,0.6190476190476191,0.3659147869674185,0.3458646616541353,0.8103610090684507
tuf,Smi_NCTC12261,S. mitis,control,1197,0.441938178780284,-0.03213610586011342,0.6215538847117794,0.3659147869674185,0.3383458646616541,0.8075076739421778
tuf,Smi_SK637,S. mitis,control,1197,0.44360902255639095,-0.04331450094161959,0.6215538847117794,0.3659147869674185,0.3433583959899749,0.8039514424967487
tuf,Ssl_JIM8777,S. salivarius,control,1197,0.44110275689223055,-0.030303030303030304,0.6240601503759399,0.37092731829573933,0.3283208020050125,0.8027638229857865
tuf,Ssl_ATCC27945,S. salivarius,control,1197,0.44360902255639095,-0.032015065913371,0.6240601503759399,0.37092731829573933,0.3358395989974937,0.7851854143091697
tuf,Ssl_HSISS4,S. salivarius,control,1197,0.44110275689223055,-0.030303030303030304,0.6240601503759399,0.37092731829573933,0.3283208020050125,0.802803642078259
16S,Smu_UA159,S. mutans,rRNA control,1557,0.5247270391779062,0.16523867809057527,,,,
16S,Smu_NN2025,S. mutans,rRNA control,1557,0.5247270391779062,0.16523867809057527,,,,
16S,Smu_GS-5,S. mutans,rRNA control,1557,0.525369299935774,0.16625916870415647,,,,
16S,Smu_LJ23,S. mutans,rRNA control,1557,0.5240847784200385,0.16666666666666666,,,,
16S,Smu_UA140,S. mutans,rRNA control,1557,0.5247270391779062,0.16523867809057527,,,,
16S,Smu_NG8,S. mutans,rRNA control,1557,0.525369299935774,0.16625916870415647,,,,
16S,Smu_LAR01,S. mutans,rRNA control,1557,0.5247270391779062,0.16523867809057527,,,,
16S,Smu_LP13,S. mutans,rRNA control,1557,0.525369299935774,0.16625916870415647,,,,
16S,Smu_B04Sm5,S. mutans,rRNA control,1557,0.525369299935774,0.16625916870415647,,,,
16S,Smu_T8,S. mutans,rRNA control,1557,0.5247270391779062,0.16523867809057527,,,,
16S,Ssa_SK36,S. sanguinis,rRNA control,1548,0.524547803617571,0.1724137931034483,,,,
16S,Ssa_SK1058,S. sanguinis,rRNA control,1548,0.5258397932816538,0.16461916461916462,,,,
16S,Ssa_CGMH058,S. sanguinis,rRNA control,1548,0.5284237726098191,0.17114914425427874,,,,
16S,Sgo_CH1,S. gordonii,rRNA control,1557,0.5208734746307001,0.15166461159062886,,,,
16S,Sgo_FDA371,S. gordonii,rRNA control,1557,0.5208734746307001,0.15166461159062886,,,,
16S,Sgo_KCOM1506,S. gordonii,rRNA control,1557,0.5215157353885678,0.15270935960591134,,,,
16S,Smi_B6,S. mitis,rRNA control,1546,0.5265200517464425,0.16461916461916462,,,,
16S,Smi_NCTC12261,S. mitis,rRNA control,1547,0.5268261150614092,0.16319018404907976,,,,
16S,Smi_SK637,S. mitis,rRNA control,1506,0.5172642762284196,0.1681643132220796,,,,
16S,Ssl_JIM8777,S. salivarius,rRNA control,1548,0.5239018087855297,0.15906288532675708,,,,
16S,Ssl_ATCC27945,S. salivarius,rRNA control,1548,0.5239018087855297,0.15906288532675708,,,,
16S,Ssl_HSISS4,S. salivarius,rRNA control,1548,0.5239018087855297,0.15906288532675708,,,,
