,gtfB,gtfC,gtfD,spaP,ftf,luxS,recA,rpoB,gyrB,gyrA,sodA,pheS,atpD,tuf,ribosomal proteins
A-GCA,0.9149338374291115,0.8646864686468647,0.9845626072041166,1.2862903225806452,1.1535150645624104,1.348314606741573,0.631578947368421,1.1276864728192162,0.9090909090909091,0.6959847036328872,1.0596026490066226,1.2615384615384615,0.8421052631578947,0.976,1.395079594790159
A-GCC,0.994328922495274,0.8118811881188119,0.7409948542024014,0.6733870967741935,0.3672883787661406,0.898876404494382,0.6736842105263158,0.6624525916561315,0.7081339712918661,0.6883365200764818,0.543046357615894,1.1692307692307693,0.8842105263157894,0.16,0.28364688856729375
A-GCG,0.31379962192816635,0.38283828382838286,0.2641509433962264,0.34274193548387094,0.2812051649928264,0.0,0.3157894736842105,0.23767383059418457,0.430622009569378,0.4588910133843212,0.3973509933774834,0.5846153846153846,0.42105263157894735,0.304,0.2952243125904486
A-GCT,1.776937618147448,1.9405940594059405,2.0102915951972555,1.6975806451612903,2.1979913916786225,1.752808988764045,2.3789473684210525,1.9721871049304678,1.9521531100478469,2.1567877629063097,2.0,0.9846153846153847,1.8526315789473684,2.56,2.0260492040520983
C-TGC,,,0.0,0.0,0.0,0.0,,0.06666666666666667,0.0,,,0.4878048780487805,,,0.2857142857142857
C-TGT,,,2.0,2.0,2.0,2.0,,1.9333333333333333,2.0,,,1.5121951219512195,,,1.7142857142857142
D-GAC,0.5072463768115942,0.43316062176165804,0.45202952029520294,0.26141078838174275,0.28256880733944956,0.7,0.3448275862068966,0.3306122448979592,0.26046511627906976,0.2761904761904762,0.18181818181818182,0.5502183406113537,0.3870967741935484,0.48484848484848486,0.536741214057508
D-GAT,1.4927536231884058,1.566839378238342,1.547970479704797,1.7385892116182573,1.7174311926605506,1.3,1.6551724137931034,1.6693877551020408,1.7395348837209301,1.723809523809524,1.8181818181818181,1.4497816593886463,1.6129032258064515,1.5151515151515151,1.463258785942492
E-GAA,1.636036036036036,1.5772994129158513,1.6768982229402263,1.4506353861192571,1.7212713936430317,1.5,1.4705882352941178,1.65,1.7178571428571427,1.7085610200364298,2.0,1.7525083612040133,1.5384615384615385,1.8514285714285714,1.739307535641548
E-GAG,0.36396396396396397,0.4227005870841487,0.32310177705977383,0.5493646138807429,0.2787286063569682,0.5,0.5294117647058824,0.35,0.28214285714285714,0.29143897996357016,0.0,0.24749163879598662,0.46153846153846156,0.14857142857142858,0.2606924643584521
F-TTC,0.6846153846153846,0.8242811501597445,0.5,0.6363636363636364,0.35714285714285715,0.02857142857142857,0.4,0.638095238095238,0.7153846153846154,0.2608695652173913,0.49382716049382713,0.7647058823529411,0.7368421052631579,2.0,0.8526315789473684
F-TTT,1.3153846153846154,1.1757188498402555,1.5,1.3636363636363635,1.6428571428571428,1.9714285714285715,1.6,1.361904761904762,1.2846153846153847,1.7391304347826086,1.5061728395061729,1.2352941176470589,1.263157894736842,0.0,1.1473684210526316
G-GGA,0.5102239532619279,1.0788224121557455,0.6422018348623854,1.0509383378016086,0.7150837988826816,0.92,0.631578947368421,0.9075268817204301,1.1508771929824562,1.1238095238095238,0.8888888888888888,0.7574750830564784,1.0,0.6514285714285715,0.9029982363315696
G-GGC,1.0555014605647517,0.6989553656220323,0.9577981651376147,0.6648793565683646,0.8640595903165735,1.52,0.8315789473684211,0.43870967741935485,0.9263157894736842,0.6984126984126984,1.7777777777777777,1.3289036544850499,0.6363636363636364,0.09142857142857143,0.5149911816578483
G-GGG,0.6543330087633885,0.6419753086419753,0.23853211009174313,0.257372654155496,0.28305400372439476,0.76,0.7368421052631579,0.4946236559139785,0.4982456140350877,0.2920634920634921,0.0,0.17275747508305647,0.36363636363636365,0.11428571428571428,0.18342151675485008
G-GGT,1.7799415774099319,1.5802469135802468,2.161467889908257,2.026809651474531,2.1378026070763503,0.8,1.8,2.1591397849462366,1.424561403508772,1.8857142857142857,1.3333333333333333,1.7408637873754154,2.0,3.142857142857143,2.398589065255732
H-CAC,0.8815165876777251,0.6882591093117408,0.6086956521739131,0.4878048780487805,0.18018018018018017,0.2857142857142857,0.0,0.36153846153846153,0.6,0.23529411764705882,0.5,0.38,0.6666666666666666,1.2307692307692308,0.832
H-CAT,1.1184834123222749,1.311740890688259,1.391304347826087,1.5121951219512195,1.8198198198198199,1.7142857142857142,2.0,1.6384615384615384,1.4,1.7647058823529411,1.5,1.62,1.3333333333333333,0.7692307692307693,1.168
I-ATA,0.15023474178403756,0.2035541195476575,0.12597200622083982,0.05863192182410423,0.43352601156069365,0.1875,0.290625,0.008438818565400843,0.11583011583011583,0.18461538461538463,0.0,0.5549132947976878,0.12413793103448276,0.0,0.020689655172413793
I-ATC,1.0704225352112675,1.0032310177705976,0.5318818040435459,0.5814332247557004,0.3554913294797688,0.58125,0.45,0.6835443037974683,0.6833976833976834,0.7569230769230769,1.0458715596330275,0.32947976878612717,0.3103448275862069,1.588235294117647,1.206896551724138
I-ATT,1.7793427230046948,1.7932148626817448,2.3421461897356144,2.3599348534201954,2.2109826589595376,2.23125,2.259375,2.308016877637131,2.200772200772201,2.0584615384615383,1.9541284403669725,2.115606936416185,2.56551724137931,1.411764705882353,1.7724137931034483
K-AAA,1.1576470588235295,1.2111801242236024,1.3186813186813187,1.3531493276716207,1.2659574468085106,1.4594594594594594,1.6256410256410256,1.4057971014492754,1.3555555555555556,1.3721413721413722,1.603960396039604,1.336,1.3640552995391706,1.8888888888888888,1.6195804195804195
K-AAG,0.8423529411764706,0.7888198757763976,0.6813186813186813,0.6468506723283793,0.7340425531914894,0.5405405405405406,0.37435897435897436,0.5942028985507246,0.6444444444444445,0.6278586278586279,0.39603960396039606,0.664,0.6359447004608295,0.1111111111111111,0.3804195804195804
L-CTA,0.46571798188874514,0.22929936305732485,0.43917525773195876,0.38083832335329343,0.49382716049382713,0.42857142857142855,0.2,0.25263157894736843,0.24489795918367346,0.4540540540540541,0.1095890410958904,0.4727272727272727,0.43902439024390244,0.0,0.192
L-CTC,0.4501940491591203,0.5031847133757962,0.6061855670103092,0.6035928143712574,0.37037037037037035,0.42857142857142855,0.0,0.4231578947368421,0.46530612244897956,0.4864864864864865,0.821917808219178,0.38181818181818183,0.43902439024390244,0.6461538461538462,0.3
L-CTG,0.7529107373868047,0.5286624203821656,0.7793814432989691,0.5029940119760479,0.49382716049382713,1.2857142857142858,0.6,0.44842105263157894,0.3673469387755102,0.8108108108108109,0.0,0.6909090909090909,0.2926829268292683,0.27692307692307694,0.168
L-CTT,1.0401034928848643,1.2547770700636942,1.552577319587629,1.7461077844311377,1.6790123456790123,2.142857142857143,2.4,2.608421052631579,1.8612244897959183,0.972972972972973,2.9863013698630136,1.0909090909090908,3.073170731707317,3.276923076923077,3.372
L-TTA,1.886157826649418,2.1464968152866244,1.311340206185567,1.437125748502994,2.0987654320987654,1.7142857142857142,1.4,0.7768421052631579,1.1020408163265305,2.091891891891892,0.7123287671232876,2.0727272727272728,1.1121951219512196,0.46153846153846156,0.768
L-TTG,1.404915912031048,1.3375796178343948,1.311340206185567,1.3293413173652695,0.8641975308641975,0.0,1.4,1.4905263157894737,1.9591836734693877,1.1837837837837837,1.36986301369863,1.290909090909091,0.6439024390243903,1.3384615384615384,1.2
N-AAC,0.6823529411764706,0.5318291700241741,0.5307820299500832,0.4175257731958763,0.3092436974789916,0.0,0.3076923076923077,0.6076923076923076,0.20625,0.13793103448275862,0.46153846153846156,0.20202020202020202,0.3883495145631068,1.2,0.8590163934426229
N-AAT,1.3176470588235294,1.468170829975826,1.4692179700499168,1.5824742268041236,1.6907563025210084,2.0,1.6923076923076923,1.3923076923076922,1.79375,1.8620689655172413,1.5384615384615385,1.797979797979798,1.6116504854368932,0.8,1.140983606557377
P-CCA,0.42758620689655175,0.8856447688564477,1.303225806451613,1.921921921921922,1.9846153846153847,0.0,3.6,2.0,1.0315789473684212,0.9090909090909091,4.0,1.2,1.62,3.44,2.329113924050633
P-CCC,0.4827586206896552,0.11678832116788321,0.3870967741935484,0.16016016016016016,0.6,0.0,0.0,0.15384615384615385,0.6736842105263158,0.36363636363636365,0.0,0.6666666666666666,0.0,0.0,0.016877637130801686
P-CCG,1.0758620689655172,0.8369829683698297,0.9161290322580645,0.9009009009009009,0.3230769230769231,0.5714285714285714,0.0,0.23076923076923078,1.431578947368421,0.7272727272727273,0.0,0.8,0.58,0.16,0.35443037974683544
P-CCT,2.013793103448276,2.1605839416058394,1.3935483870967742,1.017017017017017,1.0923076923076922,3.4285714285714284,0.4,1.6153846153846154,0.8631578947368421,2.0,0.0,1.3333333333333333,1.8,0.4,1.2995780590717299
Q-CAA,1.413533834586466,1.3035439137134053,1.5016181229773462,1.574468085106383,1.43424317617866,1.0,1.4666666666666666,1.5294117647058822,1.2384615384615385,1.6583333333333334,1.0,1.6421052631578947,0.9523809523809523,2.0,1.7934272300469483
Q-CAG,0.5864661654135338,0.6964560862865947,0.49838187702265374,0.425531914893617,0.56575682382134,1.0,0.5333333333333333,0.47058823529411764,0.7615384615384615,0.3416666666666667,1.0,0.35789473684210527,1.0476190476190477,0.0,0.20657276995305165
R-AGA,1.1594202898550725,1.6198347107438016,0.5578231292517006,1.3610223642172523,1.2947368421052632,0.0,0.42857142857142855,0.07894736842105263,0.7272727272727273,0.5709677419354838,0.0,0.33,0.25,0.0,0.1125703564727955
R-AGG,0.07729468599033816,0.15702479338842976,0.013605442176870748,0.3450479233226837,0.28421052631578947,0.0,0.0,0.07894736842105263,0.0,0.1064516129032258,0.0,0.0,0.0,0.0,0.0
R-CGA,0.2608695652173913,0.17355371900826447,0.3945578231292517,0.0,0.7578947368421053,0.0,0.0,0.07105263157894737,0.2909090909090909,0.3870967741935484,0.0,0.39,0.25,0.0,0.0450281425891182
R-CGC,2.1642512077294684,1.0909090909090908,1.5782312925170068,1.706070287539936,1.1368421052631579,1.0,0.9428571428571428,1.2552631578947369,1.5454545454545454,1.5193548387096774,0.0,1.98,0.375,0.5217391304347826,1.103189493433396
R-CGG,0.1642512077294686,0.06611570247933884,0.013605442176870748,0.38338658146964855,0.0,0.0,0.42857142857142855,0.07894736842105263,0.18181818181818182,0.3870967741935484,0.0,0.18,1.0,0.0,0.03377110694183865
R-CGT,2.1739130434782608,2.8925619834710745,3.442176870748299,2.2044728434504792,2.526315789473684,5.0,4.2,4.436842105263158,3.2545454545454544,3.029032258064516,6.0,3.12,4.125,5.478260869565218,4.705440900562852
S-AGC,0.7345537757437071,0.48585365853658535,1.1792207792207792,0.6117936117936118,0.3804878048780488,1.2,0.2727272727272727,0.29,0.06857142857142857,0.4225352112676056,0.0,0.8378378378378378,0.25,0.0,0.5194029850746269
S-AGT,1.3524027459954233,1.3873170731707316,1.4857142857142858,1.194103194103194,1.6682926829268292,0.6,1.3636363636363635,0.71,1.4742857142857142,2.0422535211267605,0.0,1.3783783783783783,0.75,0.8,0.7343283582089553
S-TCA,1.139588100686499,1.6039024390243903,1.2675324675324675,1.6437346437346438,2.0195121951219512,2.4,1.6363636363636365,1.8,1.542857142857143,1.408450704225352,4.983050847457627,0.8108108108108109,2.75,4.2,2.7761194029850746
S-TCC,0.5766590389016019,0.7668292682926829,0.4779220779220779,0.29484029484029484,0.0975609756097561,1.2,0.0,0.69,0.5142857142857142,0.4225352112676056,0.0,0.6486486486486487,0.0,0.0,0.23283582089552238
S-TCG,0.15789473684210525,0.11707317073170732,0.2649350649350649,0.14004914004914004,0.18536585365853658,0.0,0.0,0.08,0.44571428571428573,0.14084507042253522,0.1016949152542373,0.2972972972972973,0.75,0.0,0.19701492537313434
S-TCT,2.0389016018306636,1.6390243902439023,1.3246753246753247,2.1154791154791153,1.648780487804878,0.6,2.727272727272727,2.43,1.9542857142857142,1.5633802816901408,0.9152542372881356,2.027027027027027,1.5,1.0,1.5402985074626865
T-ACA,1.5212435233160622,1.527336860670194,1.6304549675023212,1.7096114519427403,1.615483870967742,1.6978417266187051,1.6,1.2972972972972974,1.427027027027027,1.3941605839416058,0.9302325581395349,2.3037974683544302,1.5,0.4,1.5233415233415233
T-ACC,0.6756476683937824,0.6349206349206349,0.6016713091922006,0.37355146557600544,0.4645161290322581,0.60431654676259,1.0666666666666667,0.2480127186009539,0.972972972972973,0.6131386861313869,0.6201550387596899,0.25316455696202533,0.875,0.13333333333333333,0.26535626535626533
T-ACG,0.3772020725388601,0.36331569664902996,0.5942432683379758,0.26448534423994546,0.6503225806451612,0.0,0.26666666666666666,0.9284578696343402,0.7351351351351352,0.5255474452554745,0.9302325581395349,0.6075949367088608,0.375,0.0,0.28501228501228504
T-ACT,1.4259067357512953,1.474426807760141,1.1736304549675023,1.6523517382413089,1.2696774193548388,1.6978417266187051,1.0666666666666667,1.5262321144674087,0.8648648648648649,1.467153284671533,1.5193798449612403,0.8354430379746836,1.25,3.466666666666667,1.9262899262899262
V-GTA,0.630457933972311,0.6578680203045685,0.6094750320102432,0.7612076852698993,0.6175438596491228,0.9876543209876543,0.32,0.723963599595551,0.36123348017621143,0.3821656050955414,0.6942148760330579,0.0,0.36363636363636365,0.5405405405405406,0.8791848617176128
V-GTC,0.8519701810436635,0.6213197969543147,1.172855313700384,0.6001829826166514,0.624561403508772,1.4814814814814814,0.32,0.46511627906976744,0.5726872246696035,1.197452229299363,0.6942148760330579,0.8200836820083682,0.7272727272727273,0.21621621621621623,0.45997088791848617
V-GTG,0.9286474973375932,0.9583756345177665,0.22023047375160051,0.4464775846294602,0.3017543859649123,0.49382716049382713,0.64,0.48533872598584427,0.43171806167400884,0.3184713375796178,0.9586776859504132,0.401673640167364,0.2727272727272727,0.0,0.3784570596797671
V-GTT,1.5889243876464323,1.7624365482233502,1.997439180537772,2.192131747483989,2.456140350877193,1.037037037037037,2.72,2.3255813953488373,2.6343612334801763,2.1019108280254777,1.6528925619834711,2.778242677824268,2.6363636363636362,3.2432432432432434,2.2823871906841338
Y-TAC,0.6863207547169812,0.5879574970484062,0.5554359526372443,0.3493670886075949,0.46060606060606063,1.0,0.5,0.3333333333333333,0.5894736842105263,0.51,0.0,0.4,0.5166666666666667,0.7272727272727273,0.8846153846153846
Y-TAT,1.3136792452830188,1.412042502951594,1.4445640473627557,1.650632911392405,1.5393939393939393,1.0,1.5,1.6666666666666667,1.4105263157894736,1.49,2.0,1.6,1.4833333333333334,1.2727272727272727,1.1153846153846154
