gene,class,n_sequences,n_species,n_Smutans,alignment_columns,mean_pid_all,min_pid_all,mean_pid_Smutans,mean_conservation_all,mean_entropy_Smutans,variable_sites_Smutans
gtfB,virulence,9,1,9,1477,99.01761517615176,98.3739837398374,99.01761517615176,0.9954064140794566,0.019853148046274652,44
gtfC,virulence,10,1,10,1455,99.09125620465827,98.35051546391753,99.09125620465827,0.9955986061893799,0.019022507566782556,45
gtfD,virulence,18,4,10,1948,74.50246108614384,55.87818696883853,99.50600395196837,0.8475049524401108,0.010815929290675154,1462
spaP,virulence,16,3,10,1648,79.20743249752228,60.601915184678525,98.59988682461172,0.8790659910714544,0.02689098686411029,52
ftf,virulence,13,2,10,1087,80.37549509070826,49.42233632862644,99.03843466107615,0.8713050287161492,0.01960099331584321,23
luxS,virulence,22,5,10,160,88.29545454545455,80.625,99.11111111111111,0.9384599862058887,0.018996060491830988,5
recA,control,21,5,10,388,90.89273694250122,84.03141361256544,100.0,0.9487446611715165,1.601713251907459e-16,383
rpoB,control,22,5,10,1202,94.97908743886715,91.74389216512216,99.96630160067397,0.9746093358913275,0.0007917987651951123,2
gyrB,control,21,5,10,650,92.01752342307897,87.67334360554699,99.89059829059829,0.9592183820665783,0.0022269858820285807,2
gyrA,control,22,5,10,830,88.95699902634098,82.58221680876979,99.79132791327915,0.9405109259144574,0.004393973243154396,6
sodA,control,22,5,10,203,88.03481154778854,78.1094527363184,99.50738916256158,0.9404727521668055,0.01203822444427464,5
pheS,control,22,5,10,349,85.98509343759311,76.0806916426513,99.49407620877363,0.9287160582827945,0.011576865606021062,8
atpD,control,22,5,10,468,94.7108447108447,90.38461538461539,99.90028490028492,0.9739822779761558,0.001884215089739401,1
tuf,control,22,5,10,398,96.70430072440124,94.22110552763819,100.0,0.9842301894253146,1.601713251907459e-16,398
16S,rRNA control,22,5,10,1585,96.48847699234625,93.1266846361186,99.90722900164134,0.9609877721191465,0.0018530885223695518,4
