gene,gene_support,category,max_conflicting_reference_support,taxa_on_smaller_side
16S,92.0,within-species,100.0,Sgo_CH1;Sgo_KCOM1506
16S,94.0,between-species,100.0,Smi_B6;Smi_NCTC12261;Smi_SK637;Ssa_CGMH058;Ssa_SK1058;Ssa_SK36
16S,93.0,within-species,89.0,Smi_B6;Smi_SK637
16S,74.0,within-species,68.0,Smu_LJ23;Smu_NN2025;Smu_UA140;Smu_UA159
16S,100.0,within-species,91.0,Ssl_ATCC27945;Ssl_JIM8777
ftf,75.0,within-species,93.0,Smu_B04Sm5;Smu_LJ23
ftf,91.0,within-species,100.0,Smu_GS-5;Smu_T8
ftf,93.0,within-species,78.0,Smu_NN2025;Smu_UA140
gtfB,92.0,within-species,93.0,Smu_B04Sm5;Smu_T8
gtfB,100.0,within-species,78.0,Smu_GS-5;Smu_NG8;Smu_NN2025
gtfB,100.0,within-species,68.0,Smu_LJ23;Smu_UA140
gtfB,100.0,within-species,78.0,Smu_NG8;Smu_NN2025
gtfC,74.0,within-species,93.0,Smu_B04Sm5;Smu_GS-5
gtfC,100.0,within-species,68.0,Smu_LJ23;Smu_UA140
gtfC,90.0,within-species,78.0,Smu_LP13;Smu_NG8;Smu_UA159
gtfC,81.0,within-species,78.0,Smu_LP13;Smu_UA159
gtfD,83.0,within-species,100.0,Sgo_CH1;Sgo_FDA371
gtfD,94.0,within-species,100.0,Smu_B04Sm5;Smu_GS-5;Smu_LAR01;Smu_LJ23;Smu_LP13;Smu_NG8;Smu_T8;Smu_UA140;Smu_UA159
gtfD,74.0,within-species,93.0,Smu_B04Sm5;Smu_NG8
gtfD,94.0,within-species,78.0,Smu_LP13;Smu_UA159
gyrA,87.0,within-species,93.0,Smu_B04Sm5;Smu_NN2025
gyrA,97.0,within-species,78.0,Smu_LP13;Smu_UA159
gyrA,98.0,within-species,91.0,Ssl_ATCC27945;Ssl_JIM8777
gyrB,92.0,within-species,89.0,Smi_B6;Smi_SK637
gyrB,86.0,within-species,68.0,Smu_GS-5;Smu_LJ23;Smu_LP13;Smu_NG8;Smu_UA140
gyrB,88.0,within-species,52.0,Smu_GS-5;Smu_LP13
luxS,78.0,within-species,68.0,Smu_LJ23;Smu_UA140
luxS,72.0,within-species,78.0,Smu_LP13;Smu_NG8;Smu_UA159
luxS,95.0,within-species,91.0,Ssl_ATCC27945;Ssl_JIM8777
pheS,98.0,within-species,89.0,Smi_B6;Smi_NCTC12261
pheS,71.0,within-species,93.0,Smu_B04Sm5;Smu_LJ23
pheS,100.0,within-species,93.0,Smu_LAR01;Smu_UA140
recA,77.0,within-species,100.0,Smu_NN2025;Smu_T8;Smu_UA140
recA,77.0,within-species,78.0,Smu_NN2025;Smu_UA140
recA,74.0,within-species,100.0,Ssa_CGMH058;Ssa_SK1058
rpoB,100.0,within-species,89.0,Smi_B6;Smi_SK637
rpoB,91.0,within-species,93.0,Smu_B04Sm5;Smu_LP13
rpoB,97.0,within-species,91.0,Ssl_ATCC27945;Ssl_HSISS4
sodA,71.0,within-species,100.0,Smu_B04Sm5;Smu_GS-5;Smu_LP13;Smu_NG8;Smu_T8;Smu_UA140
sodA,75.0,within-species,100.0,Smu_B04Sm5;Smu_LP13;Smu_NG8;Smu_T8
sodA,91.0,within-species,100.0,Smu_B04Sm5;Smu_LP13;Smu_T8
sodA,92.0,within-species,100.0,Smu_B04Sm5;Smu_T8
spaP,99.0,within-species,100.0,Sgo_CH1;Sgo_FDA371
spaP,100.0,within-species,100.0,Smu_B04Sm5;Smu_LJ23;Smu_NG8;Smu_NN2025;Smu_T8;Smu_UA140
spaP,100.0,within-species,93.0,Smu_GS-5;Smu_LAR01;Smu_LP13;Smu_UA159
spaP,72.0,within-species,78.0,Smu_GS-5;Smu_LP13;Smu_UA159
spaP,79.0,within-species,78.0,Smu_GS-5;Smu_UA159
tuf,78.0,within-species,93.0,Smu_GS-5;Smu_LAR01;Smu_LJ23;Smu_LP13;Smu_NG8;Smu_NN2025;Smu_UA159
tuf,74.0,within-species,93.0,Smu_LAR01;Smu_LJ23;Smu_NN2025
tuf,75.0,within-species,78.0,Smu_LJ23;Smu_NN2025
tuf,79.0,within-species,52.0,Smu_LP13;Smu_NG8
tuf,93.0,within-species,100.0,Smu_T8;Smu_UA140
