gene,class,n_taxa,n_species,n_splits,mean_support,n_unsupported_splits,nRF_vs_reference,nRF_within_Smutans,n_supported_conflicts,n_supported_conflicts_between_species,n_strong_conflicts,all_species_monophyletic,nRF_NJ_vs_UPGMA
gtfB,virulence,9,1,6,84.5,2,1.0,1.0,4,0,3,True,0.3333333333333333
gtfC,virulence,10,1,7,71.85714285714286,3,1.0,1.0,4,0,3,True,0.42857142857142855
gtfD,virulence,18,4,15,78.4,5,0.6,1.0,4,0,4,True,0.26666666666666666
spaP,virulence,16,3,13,75.61538461538461,4,0.6923076923076923,1.0,5,0,5,True,0.3076923076923077
ftf,virulence,13,2,10,63.6,5,0.8,1.0,3,0,3,True,0.3
luxS,virulence,22,5,19,71.3157894736842,8,0.5263157894736842,1.0,3,0,2,True,0.2631578947368421
recA,control,21,5,18,71.22222222222223,7,0.5555555555555556,1.0,3,0,3,True,0.2222222222222222
rpoB,control,22,5,19,76.84210526315789,7,0.5263157894736842,1.0,3,0,3,True,0.2631578947368421
gyrB,control,21,5,18,83.88888888888889,5,0.3888888888888889,0.7142857142857143,3,0,1,True,0.2777777777777778
gyrA,control,22,5,19,77.0,6,0.47368421052631576,1.0,3,0,3,True,0.2631578947368421
sodA,control,22,5,19,77.47368421052632,5,0.42105263157894735,1.0,4,0,4,True,0.05263157894736842
pheS,control,22,5,19,67.3157894736842,10,0.631578947368421,1.0,3,0,3,False,0.21052631578947367
atpD,control,22,5,19,63.89473684210526,11,0.5263157894736842,1.0,0,0,0,True,0.2631578947368421
tuf,control,22,5,19,82.36842105263158,5,0.47368421052631576,0.8571428571428571,5,0,4,True,0.0
16S,rRNA control,22,5,19,67.05263157894737,9,0.6842105263157895,0.8571428571428571,5,1,4,True,0.5263157894736842
