method,split,support
nj,Sgo_FDA371;Sgo_KCOM1506,100.0
nj,Smi_B6;Smi_NCTC12261;Smi_SK637,100.0
nj,Smi_B6;Smi_NCTC12261;Smi_SK637;Smu_B04Sm5;Smu_GS-5;Smu_LAR01;Smu_LJ23;Smu_LP13;Smu_NG8;Smu_NN2025;Smu_T8;Smu_UA140;Smu_UA159;Ssa_CGMH058;Ssa_SK1058;Ssa_SK36;Ssl_ATCC27945;Ssl_HSISS4;Ssl_JIM8777,100.0
nj,Smi_B6;Smi_NCTC12261;Smi_SK637;Smu_B04Sm5;Smu_GS-5;Smu_LAR01;Smu_LJ23;Smu_LP13;Smu_NG8;Smu_NN2025;Smu_T8;Smu_UA140;Smu_UA159;Ssl_ATCC27945;Ssl_HSISS4;Ssl_JIM8777,100.0
nj,Smi_NCTC12261;Smi_SK637,89.0
nj,Smu_B04Sm5;Smu_GS-5;Smu_LAR01;Smu_LJ23;Smu_LP13;Smu_NG8;Smu_NN2025;Smu_T8;Smu_UA140;Smu_UA159,100.0
nj,Smu_B04Sm5;Smu_GS-5;Smu_LAR01;Smu_LJ23;Smu_LP13;Smu_NG8;Smu_NN2025;Smu_T8;Smu_UA140;Smu_UA159;Ssl_ATCC27945;Ssl_HSISS4;Ssl_JIM8777,100.0
nj,Smu_B04Sm5;Smu_GS-5;Smu_LAR01;Smu_LJ23;Smu_LP13;Smu_NG8;Smu_NN2025;Smu_UA140;Smu_UA159,100.0
nj,Smu_B04Sm5;Smu_GS-5;Smu_LAR01;Smu_LJ23;Smu_LP13;Smu_NG8;Smu_NN2025;Smu_UA159,68.0
nj,Smu_B04Sm5;Smu_LAR01,93.0
nj,Smu_B04Sm5;Smu_LAR01;Smu_LJ23;Smu_NN2025;Smu_UA159,16.0
nj,Smu_B04Sm5;Smu_LAR01;Smu_NN2025;Smu_UA159,23.0
nj,Smu_GS-5;Smu_LP13;Smu_NG8,73.0
nj,Smu_GS-5;Smu_NG8,52.0
nj,Smu_NN2025;Smu_UA159,78.0
nj,Ssa_CGMH058;Ssa_SK1058;Ssa_SK36,100.0
nj,Ssa_SK1058;Ssa_SK36,100.0
nj,Ssl_ATCC27945;Ssl_HSISS4;Ssl_JIM8777,100.0
nj,Ssl_HSISS4;Ssl_JIM8777,91.0
upgma,Sgo_FDA371;Sgo_KCOM1506,100.0
upgma,Smi_B6;Smi_NCTC12261;Smi_SK637,100.0
upgma,Smi_B6;Smi_NCTC12261;Smi_SK637;Smu_B04Sm5;Smu_GS-5;Smu_LAR01;Smu_LJ23;Smu_LP13;Smu_NG8;Smu_NN2025;Smu_T8;Smu_UA140;Smu_UA159;Ssa_CGMH058;Ssa_SK1058;Ssa_SK36;Ssl_ATCC27945;Ssl_HSISS4;Ssl_JIM8777,100.0
upgma,Smi_B6;Smi_NCTC12261;Smi_SK637;Smu_B04Sm5;Smu_GS-5;Smu_LAR01;Smu_LJ23;Smu_LP13;Smu_NG8;Smu_NN2025;Smu_T8;Smu_UA140;Smu_UA159;Ssl_ATCC27945;Ssl_HSISS4;Ssl_JIM8777,100.0
upgma,Smi_NCTC12261;Smi_SK637,100.0
upgma,Smu_B04Sm5;Smu_GS-5;Smu_LAR01;Smu_LJ23;Smu_LP13;Smu_NG8;Smu_NN2025;Smu_T8;Smu_UA140;Smu_UA159,100.0
upgma,Smu_B04Sm5;Smu_GS-5;Smu_LAR01;Smu_LJ23;Smu_LP13;Smu_NG8;Smu_NN2025;Smu_T8;Smu_UA140;Smu_UA159;Ssl_ATCC27945;Ssl_HSISS4;Ssl_JIM8777,100.0
upgma,Smu_B04Sm5;Smu_GS-5;Smu_LAR01;Smu_LJ23;Smu_LP13;Smu_NG8;Smu_NN2025;Smu_UA140;Smu_UA159,100.0
upgma,Smu_B04Sm5;Smu_GS-5;Smu_LAR01;Smu_LJ23;Smu_LP13;Smu_NG8;Smu_UA140,39.0
upgma,Smu_B04Sm5;Smu_LAR01,90.0
upgma,Smu_GS-5;Smu_LJ23;Smu_LP13;Smu_NG8,38.0
upgma,Smu_GS-5;Smu_LJ23;Smu_LP13;Smu_NG8;Smu_UA140,32.0
upgma,Smu_GS-5;Smu_LP13,72.0
upgma,Smu_GS-5;Smu_LP13;Smu_NG8,73.0
upgma,Smu_NN2025;Smu_UA159,58.0
upgma,Ssa_CGMH058;Ssa_SK1058;Ssa_SK36,100.0
upgma,Ssa_SK1058;Ssa_SK36,100.0
upgma,Ssl_ATCC27945;Ssl_HSISS4;Ssl_JIM8777,100.0
upgma,Ssl_HSISS4;Ssl_JIM8777,85.0
