gene,class,comparison,n_sequences,pN,pS,dN,dS,omega,Nd,Sd,N_sites,S_sites,omega_ci_low,omega_ci_high,saturated,n_pairs
gtfD,virulence,S. mutans vs S. gordonii,13,0.25198816242574756,0.7574702765532548,0.3070870196690911,,,25502.0,20419.0,101203.16666666666,26956.833333333336,,,True,30
gtfD,virulence,S. mutans vs S. salivarius,13,0.31445184971185136,0.7782225041102977,0.4076008898370418,,,31383.5,21063.5,99803.83333333334,27066.166666666664,,,True,30
gtfD,virulence,S. mutans vs S. sanguinis,12,0.255157647452819,0.7411015550502459,0.311875480792321,3.325647502353853,,17269.75,13471.25,67682.66666666669,18177.33333333333,,,True,20
spaP,virulence,S. mutans vs S. gordonii,13,0.1985191161061192,0.6827105661227512,0.2305995228459967,1.8083024869076798,,21408.5,21212.5,107841.0,31071.0,,,True,30
spaP,virulence,S. mutans vs S. sanguinis,13,0.26017551438064906,0.7110509612552174,0.31951955415416294,2.2183643352958686,,26400.833333333332,21322.166666666664,101473.16666666666,29986.833333333336,,,True,30
ftf,virulence,S. mutans vs S. salivarius,13,0.3512853299317938,0.7048267127478024,0.4738703685498695,2.1071754632934163,,18910.333333333332,10944.666666666668,53831.83333333333,15528.166666666668,,,True,30
luxS,virulence,S. mutans vs S. gordonii,13,0.09637855677459638,0.7746942615239887,0.1031586417377437,,,1080.5,2470.5,11211.0,3189.0,,,True,30
luxS,virulence,S. mutans vs S. mitis,13,0.1086355939755815,0.8027681660899654,0.11735656125334465,,,1219.0,2552.0,11221.0,3179.0,,,True,30
luxS,virulence,S. mutans vs S. salivarius,13,0.10755270883373365,0.7511870845204178,0.11609132266613481,,,1209.0,2373.0,11241.0,3159.0,,,True,30
luxS,virulence,S. mutans vs S. sanguinis,13,0.09853852310793584,0.7107848315200169,0.1056412061850445,2.213257187670151,,1108.0,2243.0,11244.333333333334,3155.6666666666665,,,True,30
recA,control,S. mutans vs S. gordonii,13,0.09233964876943412,0.7254910425210447,0.09853844401034897,2.565775908309976,,2445.0,5602.0,26478.333333333336,7721.666666666667,,,True,30
recA,control,S. mutans vs S. mitis,12,0.10650056200824284,0.7137191157347204,0.1148640396421792,2.271586656169907,,1895.0,3659.0,17793.333333333325,5126.666666666667,,,True,20
recA,control,S. mutans vs S. salivarius,13,0.06520504731861199,0.6241117850953206,0.06821531417272168,1.3385091574913206,,1722.5,4801.5,26416.666666666668,7693.333333333334,,,True,30
recA,control,S. mutans vs S. sanguinis,13,0.09070990359333916,0.7697894284486464,0.09668217142510506,,,2415.0,5971.0,26623.333333333336,7756.666666666666,,,True,30
rpoB,control,S. mutans vs S. gordonii,13,0.05798083711548158,0.6518212490532259,0.06034466944983963,1.5249625500415362,,4790.666666666666,15777.333333333332,82625.0,24205.0,,,True,30
rpoB,control,S. mutans vs S. mitis,13,0.0574444936938389,0.6588219026548672,0.05976361362771119,1.58044387423695,,4752.0,15882.0,82723.33333333333,24106.666666666668,,,True,30
rpoB,control,S. mutans vs S. salivarius,13,0.04610566174545308,0.5962973216139525,0.04758371200740759,1.1887898475551766,0.04002701747938593,3815.1666666666665,14359.833333333334,82748.33333333333,24081.666666666668,0.030776878759454382,0.04931636674359894,False,30
rpoB,control,S. mutans vs S. sanguinis,13,0.061803103371738735,0.6572872962377055,0.06449866693575518,1.567925776262586,,5104.833333333333,15927.166666666666,82598.33333333333,24231.666666666664,,,True,30
gyrB,control,S. mutans vs S. gordonii,13,0.08294856691277083,0.7406331838099931,0.0879045393842493,3.2871749667301873,,3778.6666666666665,9521.333333333334,45554.33333333333,12855.666666666666,,,True,30
gyrB,control,S. mutans vs S. mitis,13,0.08337489365447238,0.745156946027142,0.08838403356100552,3.7818957739966312,,3789.3333333333335,9590.666666666668,45449.333333333336,12870.666666666666,,,True,30
gyrB,control,S. mutans vs S. salivarius,13,0.08138506301722373,0.7340488737342425,0.08614866908079957,2.8879078256394264,,3710.833333333333,9472.166666666666,45596.0,12904.0,,,True,30
gyrB,control,S. mutans vs S. sanguinis,12,0.08099986791705195,0.784889094269871,0.08571671172655655,,,2453.0,6794.0,30283.99999999998,8655.999999999996,,,True,20
gyrA,control,S. mutans vs S. gordonii,13,0.10788714895213089,0.6704431722647024,0.11648185337968014,1.682701219460732,,6136.333333333333,11164.666666666666,56877.333333333336,16652.666666666664,,,True,30
gyrA,control,S. mutans vs S. mitis,13,0.10922048893517923,0.6975929801964258,0.11804083896083335,1.9957744938441746,,6222.0,11554.0,56967.33333333333,16562.666666666664,,,True,30
gyrA,control,S. mutans vs S. salivarius,13,0.1145732284568904,0.6934090545512719,0.12433226415961676,1.9381681563919395,,6535.333333333334,11558.666666666668,57040.66666666667,16669.333333333332,,,True,30
gyrA,control,S. mutans vs S. sanguinis,13,0.10841323938853473,0.7500247853587929,0.11709658886111066,,,6139.333333333334,12608.666666666668,56629.00000000001,16811.0,,,True,30
sodA,control,S. mutans vs S. gordonii,13,0.1406192690400975,0.6512218475500604,0.15572247012774024,1.520397566458771,,1980.8333333333335,2607.166666666667,14086.5,4003.5,,,True,30
sodA,control,S. mutans vs S. mitis,13,0.12521455036162832,0.7682972445035534,0.13699867223011913,,,1763.0,3081.0,14079.833333333334,4010.166666666667,,,True,30
sodA,control,S. mutans vs S. salivarius,13,0.07718348002708192,0.6499938400887028,0.08145040808329294,1.5111310674948295,,1083.0,2638.0,14031.5,4058.5,,,True,30
sodA,control,S. mutans vs S. sanguinis,13,0.13408872944268818,0.7129687305344462,0.14772772100613482,2.2562328975816777,,1887.5,2861.5,14076.5,4013.5,,,True,30
pheS,control,S. mutans vs S. gordonii,13,0.1472230364921705,0.7951635496792903,0.163894467241061,,,3599.3333333333335,5392.666666666667,24448.166666666668,6781.833333333334,,,True,30
pheS,control,S. mutans vs S. mitis,13,0.1486989100354255,0.772220981865992,0.16573306185474415,,,3644.833333333333,5188.166666666666,24511.500000000004,6718.499999999999,,,True,30
pheS,control,S. mutans vs S. salivarius,13,0.07951885698003379,0.7367749681098522,0.08405822097190714,3.028471363076676,,1953.5,4909.5,24566.5,6663.5,,,True,30
pheS,control,S. mutans vs S. sanguinis,13,0.14390025863422026,0.811662280809621,0.1597714832189509,,,3514.5,5500.5,24423.166666666664,6776.833333333334,,,True,30
atpD,control,S. mutans vs S. gordonii,13,0.05777523174669305,0.6561449752883031,0.06012187052797814,1.558741428836559,,1849.0,6638.0,32003.333333333336,10116.666666666668,,,True,30
atpD,control,S. mutans vs S. mitis,13,0.06735487887119365,0.6434361968306922,0.07057355278769734,1.4634969824793758,,2164.0,6429.0,32128.333333333336,9991.666666666668,,,True,30
atpD,control,S. mutans vs S. salivarius,13,0.04260530421216849,0.6000496524329693,0.04386332097493009,1.2073267375888932,,1365.5,6042.5,32050.0,10070.0,,,True,30
atpD,control,S. mutans vs S. sanguinis,13,0.05146882337594574,0.7029638120189947,0.05332004636357533,2.0768669580318684,,1644.0,7155.0,31941.666666666664,10178.333333333332,,,True,30
tuf,control,S. mutans vs S. gordonii,13,0.03585302980793668,0.3418509121662438,0.036738318575933744,0.4563305156365647,0.08050813460214272,987.5,2829.5,27543.0,8277.0,0.05008121002295459,0.11783608360610122,False,30
tuf,control,S. mutans vs S. mitis,13,0.03589212372333079,0.3661369928975563,0.036779376285803064,0.5023406024484522,0.0732160134110943,987.5,3041.5,27513.0,8307.0,0.047337853452408166,0.10823464419580531,False,30
tuf,control,S. mutans vs S. salivarius,13,0.03472979853080224,0.37082432107666424,0.035559623303560516,0.5115551820501085,0.06951278093020537,955.0,3086.0,27498.0,8322.0,0.04287685957916372,0.1036406251030552,False,30
tuf,control,S. mutans vs S. sanguinis,13,0.037312077856053456,0.36192948563148997,0.03827218408957335,0.4941646090172054,0.07744824981637004,1027.5,2997.5,27538.0,8282.0,0.046111281095081634,0.11600187904137264,False,30
