gene,class,species,n_sequences,pN,pS,dN,dS,omega,Nd,Sd,N_sites,S_sites,omega_ci_low,omega_ci_high,saturated,n_pairs
gtfB,virulence,S. mutans,9,0.00512494807145368,0.05224033181446431,0.0051425383115788,0.054148858483808904,0.09497039190801178,641.5,1788.5,125172.0,34236.0,0.06657035787500726,0.1337968277701201,False,36
gtfC,virulence,S. mutans,10,0.0044184154872295425,0.0527953216374269,0.004431481760313002,0.05474563701827655,0.08094675670380043,679.0,2257.0,153675.0,42750.0,0.055762306525314304,0.11726932125486966,False,45
gtfD,virulence,S. mutans,10,0.002082472311127771,0.024209850988367167,0.00208536880130852,0.024609213327751046,0.08473935243419238,325.0,1000.0,156064.5,41305.5,0.05034046322010801,0.12787703153411967,False,45
spaP,virulence,S. mutans,10,0.007642322189044985,0.034450847600218736,0.007681525456718644,0.03526718498837759,0.21780942990630284,1249.0,1638.0,163432.0,47546.0,0.14765825169337254,0.3028748009555852,False,45
ftf,virulence,S. mutans,10,0.004103812131298129,0.01646773472904832,0.0041150807722228075,0.01665121636148314,0.24713394402475194,344.0,387.0,83824.5,23500.5,0.12743202918720944,0.4461647029439422,False,45
luxS,virulence,S. mutans,10,0.0038088436588704384,0.016051698978528244,0.003818548055071755,0.0162259612290925,0.23533570684399585,64.0,77.0,16803.000000000007,4797.000000000001,0.041463887588257906,1.011306787145495,False,45
recA,control,S. mutans,10,0.0,0.007619047619047619,0.0,0.007658011651467678,0.0,0.0,88.0,40155.0,11550.0,-0.0,0.0,False,45
rpoB,control,S. mutans,10,0.00014501510574018128,0.01954595791805094,0.000145029127134874,0.019805167709820493,0.00732279217524427,18.0,706.0,124125.0,36120.0,-0.0,0.020078770839582916,False,45
gyrB,control,S. mutans,10,0.00046689427762700985,0.04882365188423902,0.0004670396648125975,0.05048533847577458,0.009250996010192282,32.0,938.0,68538.0,19212.0,-0.0,0.026001414702091417,False,45
gyrA,control,S. mutans,10,0.0008982524906091785,0.013652013772119465,0.000898790825508427,0.013777794123622514,0.06523474058647882,77.0,341.0,85722.0,24978.0,0.017038883529158975,0.15339837039423596,False,45
sodA,control,S. mutans,10,0.0021196919381049947,0.01230669581410412,0.0021226929898739465,0.012408783967358089,0.171063739642643,45.0,76.0,21229.500000000007,6175.5,0.037177793816632825,0.7031377691020981,False,45
pheS,control,S. mutans,10,0.0021677573195680745,0.07011719732407827,0.0021708961504235606,0.07361457916499833,0.02949003003274331,80.0,697.0,36904.5,9940.5,0.010695967092036702,0.0572573140446212,False,45
atpD,control,S. mutans,10,0.0004369538077403246,0.009325396825396825,0.00043708114295359343,0.009383857274287172,0.04657798282495676,21.0,141.0,48060.0,15120.0,-0.0,0.22941784776167864,False,45
tuf,control,S. mutans,10,0.0,0.023626461637033476,0.0,0.02400660627891326,0.0,0.0,295.0,41244.0,12486.0,-0.0,0.0,False,45
