gene,class,start_codon,end_codon,mid_codon,pN,pS,omega,omega_ci_low,omega_ci_high
gtfB,virulence,1,60,30.0,0.0,0.022135416666666668,-0.0,0.0,-0.0
gtfB,virulence,21,80,50.0,0.0040650406504065045,0.021794871794871794,0.18429016668862885,0.0,0.9816871988390748
gtfB,virulence,41,100,70.0,0.006798187150093307,0.022993688007213704,0.2924261706732272,0.0,1.172709042124787
gtfB,virulence,61,120,90.0,0.009661835748792268,0.009259259259259259,1.0437613301305404,0.07892658047399573,2.282336381799176
gtfB,virulence,81,140,110.0,0.005649717514124294,0.009186351706036745,0.6135517334568973,0.0,1.4723388700988242
gtfB,virulence,101,160,130.0,0.0043708609271523174,0.0,,,
gtfB,virulence,121,180,150.0,0.0015789473684210526,0.0,,,
gtfB,virulence,141,200,170.0,0.001567807682257643,0.006302521008403361,0.24797141512701187,0.0,0.5276858731829158
gtfB,virulence,161,220,190.0,0.0015831134564643797,0.012133468149646106,0.12955343609361117,0.0,0.5652422339506062
gtfB,virulence,181,240,210.0,0.0015499870834409712,0.02730030333670374,0.05579341496648171,-0.0,0.4075833763655101
gtfB,virulence,201,260,230.0,0.001539250897896357,0.07952182952182953,0.01832981503926343,-0.0,0.11050042179338884
gtfB,virulence,221,280,250.0,0.0030287733467945473,0.11692650334075723,0.023875272159625947,-0.0,0.1010053585848228
gtfB,virulence,241,300,270.0,0.005704868154158215,0.11462882096069868,0.04603515485813379,-0.0,0.1492647554389105
gtfB,virulence,261,320,290.0,0.005757420675537359,0.05199579831932773,0.10725654618842717,-0.0,0.4757860848278885
gtfB,virulence,281,340,310.0,0.0027258566978193145,0.01488095238095238,0.1816846270654717,0.0,0.47739222407853327
gtfB,virulence,301,360,330.0,0.0,0.013636363636363636,-0.0,0.0,-0.0
gtfB,virulence,321,380,350.0,0.0,0.01951951951951952,-0.0,0.0,-0.0
gtfB,virulence,341,400,370.0,0.005431971029487843,0.07092555331991952,0.07317097261559098,-0.0,0.4244814681683947
gtfB,virulence,361,420,390.0,0.007182761372705506,0.11171662125340599,0.05966345532877255,-0.0,0.21015978791091322
gtfB,virulence,381,440,410.0,0.00702576112412178,0.16002949852507375,0.03921586654675377,-0.0,0.11676923839233479
gtfB,virulence,401,460,430.0,0.0015560165975103733,0.1172808764940239,0.012213380781790552,-0.0,0.04081987090829643
gtfB,virulence,421,480,450.0,0.0,0.07734375,-0.0,-0.0,0.0
gtfB,virulence,441,500,470.0,0.0,0.03869047619047619,-0.0,-0.0,0.0
gtfB,virulence,461,520,490.0,0.0,0.03459119496855346,-0.0,-0.0,0.0
gtfB,virulence,481,540,510.0,0.0,0.04945054945054945,-0.0,-0.0,0.0
gtfB,virulence,501,560,530.0,0.0,0.045371219065077906,-0.0,-0.0,0.0
gtfB,virulence,521,580,550.0,0.007203842049092849,0.11196043165467626,0.05969800200554158,-0.0,0.1887573242833927
gtfB,virulence,541,600,570.0,0.007047768206734534,0.11224489795918367,0.05823786007247136,-0.0,0.1687543135056423
gtfB,virulence,561,620,590.0,0.00845936939246347,0.11496350364963503,0.0681723734040657,-0.0,0.18525185337959185
gtfB,virulence,581,640,610.0,0.0015584415584415582,0.045297029702970296,0.03338989448115842,-0.0,0.17512216169356531
gtfB,virulence,601,660,630.0,0.003137254901960784,0.032608695652173905,0.09429951794043223,-0.0,0.2533435937606301
gtfB,virulence,621,680,650.0,0.0015826958586125032,0.026660430308699717,0.058365087057013924,-0.0,0.1836325905094912
gtfB,virulence,641,700,670.0,0.0031931878658861094,0.027223230490018145,0.11540036281951825,-0.0,0.45485955405681494
gtfB,virulence,661,720,690.0,0.0033213396069748133,0.014434643143544508,0.22837968744399287,-0.0,1.030362505766782
gtfB,virulence,681,740,710.0,0.008294166436273153,0.022928399034593726,0.3581681503482575,0.08068271315754626,1.9589250893430263
gtfB,virulence,701,760,730.0,0.012322015334063526,0.1005794701986755,0.11504616828608338,0.031157125236316363,0.27731824466998195
gtfB,virulence,721,780,750.0,0.010399999999999998,0.10945945945945947,0.08851189725797376,0.017810375362731525,0.17761543627918144
gtfB,virulence,741,800,770.0,0.005687973997833153,0.10402397260273973,0.05098672821884275,-0.0,0.1277150320294574
gtfB,virulence,761,820,790.0,0.0,0.024330900243309004,-0.0,-0.0,0.0
gtfB,virulence,781,840,810.0,0.0,0.02506265664160401,-0.0,-0.0,0.0
gtfB,virulence,801,860,830.0,0.0,0.018055555555555554,-0.0,0.0,-0.0
gtfB,virulence,821,880,850.0,0.0,0.044642857142857144,-0.0,-0.0,0.0
gtfB,virulence,841,900,870.0,0.0,0.05701754385964912,-0.0,-0.0,0.0
gtfB,virulence,861,920,890.0,0.0,0.06862745098039216,-0.0,-0.0,0.0
gtfB,virulence,881,940,910.0,0.0015548069448043536,0.06293706293706293,0.023677027764455086,-0.0,0.06920819907010119
gtfB,virulence,901,960,930.0,0.02196034663865546,0.10159220532319391,0.20417037228702054,0.04014096557025302,0.5011129793265677
gtfB,virulence,921,980,950.0,0.0392838575513387,0.18398321816386967,0.19115364405713292,0.08271515871764575,0.40069921323103075
gtfB,virulence,941,1000,970.0,0.03833201267828843,0.1721368715083799,0.20120612439464003,0.07666712779824221,0.37372006656443446
gtfB,virulence,961,1020,990.0,0.01763322884012539,0.14244186046511628,0.11295775405238521,0.015259977486008132,0.26569541255077106
gtfB,virulence,981,1040,1010.0,0.0,0.06073446327683616,-0.0,-0.0,0.0
gtfB,virulence,1001,1060,1030.0,0.0,0.042028985507246375,-0.0,-0.0,0.0
gtfB,virulence,1021,1080,1050.0,0.0,0.0290519877675841,-0.0,-0.0,0.0
gtfB,virulence,1041,1100,1070.0,0.0,0.017973856209150325,-0.0,0.0,-0.0
gtfB,virulence,1061,1120,1090.0,0.00456968773800457,0.011400651465798045,0.39898940277377337,-0.0,0.849020784307029
gtfB,virulence,1081,1140,1110.0,0.010430079835178985,0.006141248720573183,1.7032729098188777,0.18513832014090728,3.0458405787468066
gtfB,virulence,1101,1160,1130.0,0.010454310789881259,0.006085192697768763,1.7230496957954209,0.26882375137532594,2.7728390482943674
gtfB,virulence,1121,1180,1150.0,0.005803456280629352,0.006103763987792472,0.9506079833690737,-0.0,2.074497946615637
gtfB,virulence,1141,1200,1170.0,0.0,0.0,,,
gtfB,virulence,1161,1220,1190.0,0.0,0.006472491909385114,-0.0,0.0,-0.0
gtfB,virulence,1181,1240,1210.0,0.0,0.0061162079510703364,-0.0,0.0,-0.0
gtfB,virulence,1201,1260,1230.0,0.0,0.03982300884955752,-0.0,-0.0,0.0
gtfB,virulence,1221,1280,1250.0,0.00674781688277322,0.04301572617946346,0.15301515932811835,-0.0,0.8660307733226474
gtfB,virulence,1241,1300,1270.0,0.0066062176165803095,0.06749999999999999,0.09381029283514161,-0.0,0.5542239213704272
gtfB,virulence,1261,1320,1290.0,0.006684141546526866,0.057416267942583726,0.11240184746587806,0.01361646776517015,0.4989905241437636
gtfB,virulence,1281,1340,1310.0,0.007853403141361256,0.05769230769230769,0.1315099562838469,-0.0,0.4703338383054743
gtfB,virulence,1301,1360,1330.0,0.007871949619522435,0.06005719733079123,0.12641785098254898,-0.0,0.5467947071796964
gtfB,virulence,1321,1380,1350.0,0.00939947780678851,0.05097087378640776,0.17919423388986438,0.019118587670571514,0.6749414371252793
gtfB,virulence,1341,1400,1370.0,0.007478352138546312,0.05147759771210676,0.14093307260685606,-0.0,0.6854794784547282
gtfB,virulence,1361,1420,1390.0,0.009156050955414012,0.057692307692307696,0.15345805821757227,0.032039644538385675,0.5610724570896523
gtfB,virulence,1381,1440,1410.0,0.0074763903462749205,0.05009541984732824,0.1449248594301006,0.02903073704915777,1.141830733312399
gtfB,virulence,1401,1460,1430.0,0.004714510214772131,0.07197696737044144,0.0625010611072189,-0.0,0.2552726226635756
gtfC,virulence,1,60,30.0,0.0,0.0,,,
gtfC,virulence,21,80,50.0,0.001526717557251908,0.004081632653061225,0.3734072514611055,0.0,1.1597192148716444
gtfC,virulence,41,100,70.0,0.0015113350125944582,0.004195804195804196,0.359555406818944,0.0,0.7726703770378087
gtfC,virulence,61,120,90.0,0.0055137844611528805,0.00425531914893617,1.2968328398250277,0.0,2.9219729222385604
gtfC,virulence,81,140,110.0,0.00393120393120393,0.0,,,
gtfC,virulence,101,160,130.0,0.011800840607824117,0.0,,,
gtfC,virulence,121,180,150.0,0.009353330108047087,0.0,,,
gtfC,virulence,141,200,170.0,0.009089484406832783,0.0,,,
gtfC,virulence,161,220,190.0,0.0013761467889908253,0.01538461538461538,0.08861025968087256,0.0,0.2559202231558057
gtfC,virulence,181,240,210.0,0.0,0.01538461538461538,-0.0,-0.0,0.0
gtfC,virulence,201,260,230.0,0.0013793103448275859,0.015238095238095233,0.08967704226420817,0.0,0.28333300548044255
gtfC,virulence,221,280,250.0,0.005188067444876782,0.05819592628516002,0.08594061310902319,-0.0,0.5225343682527234
gtfC,virulence,241,300,270.0,0.005145667801740445,0.10921273031825793,0.043745861108489506,-0.0,0.1461146677768483
gtfC,virulence,261,320,290.0,0.00516913721018624,0.10706075533661738,0.044902676243282445,0.005605240094116369,0.15492253374037895
gtfC,virulence,281,340,310.0,0.001396648044692737,0.05857487922705313,0.02292143800472159,-0.0,0.1410276335578062
gtfC,virulence,301,360,330.0,0.0014018691588785044,0.014285714285714282,0.09728421433838773,-0.0,0.2826707860346036
gtfC,virulence,321,380,350.0,0.0,0.027027027027027018,-0.0,0.0,-0.0
gtfC,virulence,341,400,370.0,0.0,0.033021806853582546,-0.0,-0.0,0.0
gtfC,virulence,361,420,390.0,0.0,0.08468468468468467,-0.0,-0.0,0.0
gtfC,virulence,381,440,410.0,0.003946641408161654,0.15689606343811946,0.022479773365196475,-0.0,0.07662911913531471
gtfC,virulence,401,460,430.0,0.003941042011507841,0.26985482493595214,0.011813358820818146,-0.0,0.05020858961847153
gtfC,virulence,421,480,450.0,0.003913281678015182,0.22553315804849547,0.014625385308400827,-0.0,0.04804440804151786
gtfC,virulence,441,500,470.0,0.0,0.1530906990179087,-0.0,-0.0,0.0
gtfC,virulence,461,520,490.0,0.0024748646558391337,0.06177370030581038,0.03845333925244922,-0.0,0.1284270447134691
gtfC,virulence,481,540,510.0,0.0038060439978686144,0.11100228534116875,0.031763573165915986,-0.0,0.0784265294814872
gtfC,virulence,501,560,530.0,0.007982193568194027,0.15326395458845785,0.04680684218657355,0.011037482336742973,0.09988889939663748
gtfC,virulence,521,580,550.0,0.007168458781362005,0.11083676268861455,0.06005700409603122,0.016712523906139882,0.15362891272120455
gtfC,virulence,541,600,570.0,0.00725338491295938,0.09229957805907171,0.07400227135276023,0.015710601446812182,0.17807272266691274
gtfC,virulence,561,620,590.0,0.004273504273504272,0.07575757575757573,0.053663734898987986,-0.0,0.2586340567552841
gtfC,virulence,581,640,610.0,0.0041284403669724756,0.0769230769230769,0.05100832064614563,-0.0,0.16565139771453838
gtfC,virulence,601,660,630.0,0.0028301886792452824,0.04999999999999999,0.05479874599249126,-0.0,0.3484415599640926
gtfC,virulence,621,680,650.0,0.0013921113689095124,0.023853211009174306,0.057481882433968526,-0.0,0.5330635699642935
gtfC,virulence,641,700,670.0,0.0025433158480368773,0.04311774461028192,0.05737041798149658,-0.0,0.1960163180083837
gtfC,virulence,661,720,690.0,0.003946641408161654,0.05324270744831492,0.07165078686340823,-0.0,0.21879225306973535
gtfC,virulence,681,740,710.0,0.007118616008608559,0.04758436513716922,0.1454938829121353,0.030623948345400255,0.42360634769376665
gtfC,virulence,701,760,730.0,0.008988764044943821,0.023894862604540025,0.3723909693480251,0.10809566636085058,2.0293859525620968
gtfC,virulence,721,780,750.0,0.012706270627062704,0.10294117647058823,0.1157363147245222,0.03761313372330327,0.24361372677596854
gtfC,virulence,741,800,770.0,0.00950999355254674,0.09757383966244723,0.09155908023122335,0.018388337079183893,0.2065919612765599
gtfC,virulence,761,820,790.0,0.0051356122612742725,0.11503477795612624,0.041266737095829925,-0.0,0.09570205505862221
gtfC,virulence,781,840,810.0,0.0,0.022716049382716045,-0.0,-0.0,0.0
gtfC,virulence,801,860,830.0,0.0,0.030845771144278607,-0.0,-0.0,0.0
gtfC,virulence,821,880,850.0,0.0,0.016666666666666666,-0.0,0.0,-0.0
gtfC,virulence,841,900,870.0,0.0,0.037575757575757575,-0.0,-0.0,0.0
gtfC,virulence,861,920,890.0,0.0,0.04129793510324482,-0.0,-0.0,0.0
gtfC,virulence,881,940,910.0,0.0,0.05275362318840579,-0.0,-0.0,0.0
gtfC,virulence,901,960,930.0,0.0,0.05977011494252872,-0.0,-0.0,0.0
gtfC,virulence,921,980,950.0,0.003930817610062892,0.0764367816091954,0.048886471859769014,-0.0,0.15183104561950309
gtfC,virulence,941,1000,970.0,0.003968253968253967,0.06722222222222222,0.05649456554507917,-0.0,0.17695249973523192
gtfC,virulence,961,1020,990.0,0.00397772474144789,0.06887052341597795,0.055208715627567156,-0.0,0.1906642928131489
gtfC,virulence,981,1040,1010.0,0.0,0.06170798898071624,-0.0,-0.0,0.0
gtfC,virulence,1001,1060,1030.0,0.0,0.0638176638176638,-0.0,-0.0,0.0
gtfC,virulence,1021,1080,1050.0,0.0,0.03611111111111111,-0.0,-0.0,0.0
gtfC,virulence,1041,1100,1070.0,0.0014350633819660364,0.022969647251845773,0.06157376777958682,-0.0,0.2957599131298598
gtfC,virulence,1061,1120,1090.0,0.006665079742918351,0.03669724770642201,0.17793469485260674,-0.0,1.0948832244445008
gtfC,virulence,1081,1140,1110.0,0.0135545688244917,0.04460303300624442,0.29746085876703815,0.08476204720546729,1.5436269177179218
gtfC,virulence,1101,1160,1130.0,0.011987090825265096,0.036409290646578774,0.32376828618773434,0.07968655134587756,2.327428266472555
gtfC,virulence,1121,1180,1150.0,0.006883891693437355,0.02175303902751119,0.3132847320757095,0.058786907567873234,1.5847448175144674
gtfC,virulence,1141,1200,1170.0,0.0,0.016666666666666663,-0.0,-0.0,0.0
gtfC,virulence,1161,1220,1190.0,0.0014048232264106762,0.048420431059935036,0.028092378713517913,-0.0,0.15447963576285836
gtfC,virulence,1181,1240,1210.0,0.0014181044670290707,0.0416310236669518,0.03314058658416585,-0.0,0.2710659095354021
gtfC,virulence,1201,1260,1230.0,0.001416096294548029,0.0406993407853253,0.03387323033623329,-0.0,0.2498029914577107
gtfC,virulence,1221,1280,1250.0,0.001426194437841692,0.008941044984632577,0.15870918535860137,-0.0,0.5114113436637333
gtfC,virulence,1241,1300,1270.0,0.008062603746739385,0.009016624401239785,0.8936191597156405,0.0,1.992942646045185
gtfC,virulence,1261,1320,1290.0,0.00811262228585063,0.0,,,
gtfC,virulence,1281,1340,1310.0,0.010614702154626105,0.023489932885906034,0.4479464465355186,0.0,1.6146924506005944
gtfC,virulence,1301,1360,1330.0,0.003998720409468969,0.047619047619047616,0.08149561775541718,-0.0,0.3762220737806488
gtfC,virulence,1321,1380,1350.0,0.0054896262210381835,0.07290847102019407,0.07183587026961265,-0.0,0.28075456001416227
gtfC,virulence,1341,1400,1370.0,0.0028355387523629483,0.07248858447488585,0.037265149042275195,-0.0,0.17207323720086098
gtfC,virulence,1361,1420,1390.0,0.007453994875378521,0.05420054200542006,0.13315756043108787,0.021866320281169537,0.6884895762863767
gtfC,virulence,1381,1440,1410.0,0.015227653418608189,0.03913894324853228,0.3827226926653584,0.08772232360758112,1.736228264125838
gtfD,virulence,1,60,30.0,0.010955569080949478,0.0,,,
gtfD,virulence,21,80,50.0,0.01662049861495845,0.0,,,
gtfD,virulence,41,100,70.0,0.0,0.0,,,
gtfD,virulence,61,120,90.0,0.0,0.024999999999999994,-0.0,0.0,-0.0
gtfD,virulence,81,140,110.0,0.0,0.08088235294117646,-0.0,0.0,-0.0
gtfD,virulence,101,160,130.0,0.0,0.08088235294117646,-0.0,0.0,-0.0
gtfD,virulence,121,180,150.0,0.0,0.06611570247933884,-0.0,0.0,-0.0
gtfD,virulence,141,200,170.0,0.0,0.015,-0.0,0.0,-0.0
gtfD,virulence,161,220,190.0,0.0,0.014285714285714284,-0.0,0.0,-0.0
gtfD,virulence,181,240,210.0,0.0,0.012499999999999997,-0.0,0.0,-0.0
gtfD,virulence,201,260,230.0,0.0,0.0,,,
gtfD,virulence,221,280,250.0,0.002727272727272726,0.0,,,
gtfD,virulence,241,300,270.0,0.003243243243243242,0.028571428571428567,0.11157878103723991,0.0,0.35877887227179095
gtfD,virulence,261,320,290.0,0.0031746031746031737,0.037037037037037035,0.08375741029089936,0.0,0.5822258752788391
gtfD,virulence,281,340,310.0,0.0,0.07142857142857142,-0.0,0.0,-0.0
gtfD,virulence,301,360,330.0,0.0,0.020689655172413793,-0.0,0.0,-0.0
gtfD,virulence,321,380,350.0,0.0065439672801635975,0.0,,,
gtfD,virulence,341,400,370.0,0.005254515599343184,0.0,,,
gtfD,virulence,361,420,390.0,0.011425534741596915,0.008207934336525308,1.3950331766505712,0.2865515619582943,2.588728364277821
gtfD,virulence,381,440,410.0,0.010410641989589355,0.011516314779270634,0.9033164268698369,0.2718902973705185,1.921620032265072
gtfD,virulence,401,460,430.0,0.013544018058690741,0.015748031496062992,0.8587614714685603,0.27248128257332416,1.582144420477497
gtfD,virulence,421,480,450.0,0.0,0.0,,,
gtfD,virulence,441,500,470.0,0.0,0.034999999999999996,-0.0,0.0,-0.0
gtfD,virulence,461,520,490.0,0.0,0.03574879227053139,-0.0,0.0,-0.0
gtfD,virulence,481,540,510.0,0.0,0.02803030303030302,-0.0,0.0,-0.0
gtfD,virulence,501,560,530.0,0.0,0.010062893081761004,-0.0,0.0,-0.0
gtfD,virulence,521,580,550.0,0.0013921113689095122,0.0,,,
gtfD,virulence,541,600,570.0,0.0013824884792626724,0.0,,,
gtfD,virulence,561,620,590.0,0.001395348837209302,0.0,,,
gtfD,virulence,581,640,610.0,0.0,0.014414414414414415,-0.0,0.0,0.0
gtfD,virulence,601,660,630.0,0.0,0.020183486238532108,-0.0,0.0,-0.0
gtfD,virulence,621,680,650.0,0.0,0.020952380952380948,-0.0,0.0,-0.0
gtfD,virulence,641,700,670.0,0.0,0.021587301587301582,-0.0,0.0,-0.0
gtfD,virulence,661,720,690.0,0.0,0.030030030030030023,-0.0,-0.0,0.0
gtfD,virulence,681,740,710.0,0.0,0.029239766081871336,-0.0,-0.0,0.0
gtfD,virulence,701,760,730.0,0.0,0.013661202185792348,-0.0,0.0,-0.0
gtfD,virulence,721,780,750.0,0.0,0.0,,,
gtfD,virulence,741,800,770.0,0.0014114326040931542,0.013925152306353347,0.10050921403963443,0.0,0.2818865708398443
gtfD,virulence,761,820,790.0,0.001408120159586951,0.026338893766461802,0.05256665093395077,0.0,0.2281894208117851
gtfD,virulence,781,840,810.0,0.0014147606696533832,0.025884383088869707,0.053758945809277356,0.0,0.310349437872551
gtfD,virulence,801,860,830.0,0.0,0.012727272727272724,-0.0,0.0,-0.0
gtfD,virulence,821,880,850.0,0.0,0.0,,,
gtfD,virulence,841,900,870.0,0.0,0.0,,,
gtfD,virulence,861,920,890.0,0.001421800947867298,0.0,,,
gtfD,virulence,881,940,910.0,0.001395348837209302,0.0,,,
gtfD,virulence,901,960,930.0,0.00138568129330254,0.005607476635514017,0.24641592710346133,0.0,0.7844410696478444
gtfD,virulence,921,980,950.0,0.0,0.01132075471698113,-0.0,0.0,-0.0
gtfD,virulence,941,1000,970.0,0.0,0.03619047619047618,-0.0,-0.0,0.0
gtfD,virulence,961,1020,990.0,0.0013986013986013982,0.028828828828828826,0.04761990872590159,-0.0,0.2604511501451521
gtfD,virulence,981,1040,1010.0,0.0014999999999999996,0.03653846153846153,0.04008440559268475,-0.0,0.16373375071182386
gtfD,virulence,1001,1060,1030.0,0.0014999999999999996,0.03269230769230768,0.04491985998208937,-0.0,0.5712578764889292
gtfD,virulence,1021,1080,1050.0,0.01326616288832913,0.037383177570093455,0.34904657418247076,0.04216836727836599,1.7479132053261013
gtfD,virulence,1041,1100,1070.0,0.012334113973458231,0.024778761061946902,0.49357053531357886,0.052366512233263246,3.737319749274938
gtfD,virulence,1061,1120,1090.0,0.014937106918238989,0.01436781609195402,1.040023822759063,0.1546554104612723,4.029521084967576
gtfD,virulence,1081,1140,1110.0,0.0026143790849673196,0.014619883040935668,0.1773842379936047,0.0,1.1663595022898414
gtfD,virulence,1101,1160,1130.0,0.002627257799671592,0.019540229885057468,0.1329275294852772,-0.0,0.9880218866595438
gtfD,virulence,1121,1180,1150.0,0.0014932802389248379,0.009983361064891845,0.14872727054006465,0.0,0.8983608782127663
gtfD,virulence,1141,1200,1170.0,0.002877697841726618,0.004878048780487804,0.5891384717368491,0.0,1.3596394057629213
gtfD,virulence,1161,1220,1190.0,0.0028571428571428563,0.03166666666666667,0.08847573977580017,-0.0,0.47728062826654016
gtfD,virulence,1181,1240,1210.0,0.001407789770061004,0.03866432337434094,0.03549708277238982,-0.0,0.2986166236299883
gtfD,virulence,1201,1260,1230.0,0.0,0.04464285714285713,-0.0,-0.0,0.0
gtfD,virulence,1221,1280,1250.0,0.0,0.039215686274509796,-0.0,-0.0,0.0
gtfD,virulence,1241,1300,1270.0,0.0013866420152530618,0.07828518173345757,0.016786814676188266,-0.0,0.061178490895980236
gtfD,virulence,1261,1320,1290.0,0.002779708130646281,0.07756232686980608,0.034014604620977905,-0.0,0.09954048039444605
gtfD,virulence,1281,1340,1310.0,0.0028315243039169413,0.05679862306368329,0.04803025456462535,-0.0,0.16979573767168413
gtfD,virulence,1301,1360,1330.0,0.0014150943396226412,0.02068965517241379,0.0675121425896302,-0.0,0.32208314100180474
gtfD,virulence,1321,1380,1350.0,0.0014054813773717494,0.05305039787798408,0.025568846335958174,-0.0,0.12502107436076287
gtfD,virulence,1341,1400,1370.0,0.0013924344395451376,0.05499541704857927,0.024401687640572704,-0.0,0.1345594247238833
gtfD,virulence,1361,1420,1390.0,0.002797854977850314,0.059405940594059396,0.045290868990986693,-0.0,0.1398136585953226
gtfD,virulence,1381,1440,1410.0,0.0014084507042253518,0.03157894736842105,0.04369628228030462,-0.0,0.2686270077645261
gtfD,virulence,1401,1460,1430.0,0.0014150943396226412,0.02068965517241379,0.0675121425896302,-0.0,0.40055602620832104
gtfD,virulence,1421,1480,1450.0,0.0013758312313689514,0.017324350336862363,0.0785673283410023,-0.0,0.4580272820780642
gtfD,virulence,1441,1500,1470.0,0.0013664313368253241,0.017839444995044595,0.07575048476402386,-0.0,0.4658803012021199
gtfD,virulence,1461,1520,1490.0,0.001370175839232701,0.029382957884427022,0.04575392295155832,-0.0,0.2310005614161399
gtfD,virulence,1481,1540,1510.0,0.0,0.024193548387096767,-0.0,-0.0,0.0
gtfD,virulence,1501,1560,1530.0,0.00278357689631176,0.012012012012012008,0.2302997012143848,0.0,1.1051496507165741
gtfD,virulence,1521,1580,1550.0,0.0042523033309709414,0.022289766970618026,0.18845943094853085,0.030178218087056875,1.17191194352446
gtfD,virulence,1541,1600,1570.0,0.004323804948354551,0.020813623462630083,0.20543586375005005,0.0,0.9067210745434849
gtfD,virulence,1561,1620,1590.0,0.00144578313253012,0.03177570093457943,0.04457181060978814,-0.0,0.26659599726428657
gtfD,virulence,1581,1640,1610.0,0.0,0.011214953271028037,-0.0,0.0,-0.0
gtfD,virulence,1601,1660,1630.0,0.002600357549163009,0.025641025641025633,0.0998435082892567,-0.0,0.5184014871116795
gtfD,virulence,1621,1680,1650.0,0.002936857562408222,0.02611367127496159,0.1107118048427755,-0.0,0.8945652272401318
gtfD,virulence,1641,1700,1670.0,0.004888481515429269,0.04375804375804374,0.10877943952163878,-0.0,0.5610607330649812
gtfD,virulence,1661,1720,1690.0,0.0,0.016216216216216217,-0.0,-0.0,0.0
gtfD,virulence,1681,1740,1710.0,0.0,0.0,,,
gtfD,virulence,1701,1760,1730.0,0.0,0.04067796610169491,-0.0,-0.0,0.0
gtfD,virulence,1721,1780,1750.0,0.0,0.033333333333333326,-0.0,-0.0,0.0
gtfD,virulence,1741,1800,1770.0,0.0,0.039102564102564095,-0.0,-0.0,0.0
gtfD,virulence,1761,1820,1790.0,0.0014312977099236637,0.025641025641025633,0.05491329504647167,-0.0,0.5472139438136107
gtfD,virulence,1781,1840,1810.0,0.0014211274277593554,0.024335031126202597,0.05750028989787254,-0.0,0.2818267797185209
gtfD,virulence,1801,1860,1830.0,0.0014416146083613642,0.018309100700053847,0.07784740396170411,-0.0,0.5699929149373594
gtfD,virulence,1821,1880,1850.0,0.0,0.032666666666666656,-0.0,-0.0,0.0
gtfD,virulence,1841,1900,1870.0,0.0,0.055367231638418064,-0.0,-0.0,0.0
gtfD,virulence,1861,1920,1890.0,0.0,0.10476190476190474,-0.0,0.0,-0.0
gtfD,virulence,1881,1940,1910.0,,,,,
spaP,virulence,1,60,30.0,0.002052685596989394,0.006335797254487857,0.3230541056936385,0.0,0.9943402218804752
spaP,virulence,21,80,50.0,0.0015451970126191086,0.004487658937920718,0.3436443597513315,0.0,0.9965352784728722
spaP,virulence,41,100,70.0,0.0015026296018031552,0.004889975550122249,0.30659214064757434,0.0,0.9462932214890855
spaP,virulence,61,120,90.0,0.0,0.0,,,
spaP,virulence,81,140,110.0,0.0,0.0049586776859504135,-0.0,0.0,-0.0
spaP,virulence,101,160,130.0,0.0,0.004918032786885246,-0.0,0.0,-0.0
spaP,virulence,121,180,150.0,0.001408120159586951,0.005267778753292361,0.26661865986433797,0.0,0.5738356213762958
spaP,virulence,141,200,170.0,0.0013695503309746628,0.0,,,
spaP,virulence,161,220,190.0,0.0013885674612358245,0.0,,,
spaP,virulence,181,240,210.0,0.0,0.0053097345132743345,-0.0,-0.0,0.0
spaP,virulence,201,260,230.0,0.0,0.0049180327868852455,-0.0,-0.0,0.0
spaP,virulence,221,280,250.0,0.0,0.02666666666666667,-0.0,-0.0,0.0
spaP,virulence,241,300,270.0,0.0,0.02169312169312169,-0.0,0.0,-0.0
spaP,virulence,261,320,290.0,0.0014319809069212406,0.02258953168044077,0.06249150689121577,0.0,0.3340292268827303
spaP,virulence,281,340,310.0,0.003949447077409162,0.018644067796610164,0.20974269951041888,-0.0,1.469519374948691
spaP,virulence,301,360,330.0,0.00649247822644497,0.04369747899159663,0.14483404268087835,-0.0,0.6939177050269381
spaP,virulence,321,380,350.0,0.0051282051282051265,0.041935483870967745,0.11924452140891516,-0.0,0.694870051745974
spaP,virulence,341,400,370.0,0.0025518341307814983,0.02459016393442623,0.1022379416052136,0.0,0.48169342622056077
spaP,virulence,361,420,390.0,0.0014245014245014241,0.0,,,
spaP,virulence,381,440,410.0,0.0014416146083613642,0.004846526655896607,0.2967763488853722,0.0,0.8859708774536039
spaP,virulence,401,460,430.0,0.0021802325581395344,0.007075471698113208,0.30713037733896287,0.0,1.0462971007659383
spaP,virulence,421,480,450.0,0.0,0.0075,-0.0,0.0,-0.0
spaP,virulence,441,500,470.0,0.0,0.047619047619047616,-0.0,-0.0,0.0
spaP,virulence,461,520,490.0,0.0,0.03782051282051282,-0.0,-0.0,0.0
spaP,virulence,481,540,510.0,0.0013824884792626724,0.05031446540880502,0.026569128596598737,-0.0,0.13865436629562158
spaP,virulence,501,560,530.0,0.001395348837209302,0.018181818181818177,0.0758807573622572,-0.0,0.5090854986476687
spaP,virulence,521,580,550.0,0.001421800947867298,0.016949152542372878,0.08301348823242712,0.0,0.57923774594751
spaP,virulence,541,600,570.0,0.0,0.015517241379310341,-0.0,-0.0,0.0
spaP,virulence,561,620,590.0,0.0,0.015789473684210523,-0.0,-0.0,0.0
spaP,virulence,581,640,610.0,0.0,0.023853211009174306,-0.0,-0.0,0.0
spaP,virulence,601,660,630.0,0.0,0.011764705882352941,-0.0,0.0,-0.0
spaP,virulence,621,680,650.0,0.0,0.011965811965811965,-0.0,0.0,-0.0
spaP,virulence,641,700,670.0,0.0,0.0,,,
spaP,virulence,661,720,690.0,0.0,0.005504587155963301,-0.0,-0.0,0.0
spaP,virulence,681,740,710.0,0.0014825796886582649,0.02400738688827331,0.060821535648660746,-0.0,0.41130307420695517
spaP,virulence,701,760,730.0,0.010750175274596865,0.05947071067499256,0.17475418352639804,-0.0,0.5857782391494014
spaP,virulence,721,780,750.0,0.010750175274596865,0.08801665179898897,0.1156529722466611,-0.0,0.4421795726208605
spaP,virulence,741,800,770.0,0.03297769156159069,0.15583634175691935,0.19305581541818187,0.05521620509605612,0.42628340274826804
spaP,virulence,761,820,790.0,0.03128054740957966,0.256140350877193,0.1019623961841487,0.028265891573391967,0.20713589879522495
spaP,virulence,781,840,810.0,0.0704108681245858,0.3228476821192053,0.17512721631851888,0.08303329595200723,0.31604561215083615
spaP,virulence,801,860,830.0,0.1065180102915952,0.3087912087912088,0.288714967786329,0.1544510230752014,0.4784088745468242
spaP,virulence,821,880,850.0,0.09879310344827587,0.19027027027027027,0.4826949782119573,0.26130644131432346,0.9628596933017347
spaP,virulence,841,900,870.0,0.05849965588437714,0.09194776931447225,0.6209208696783393,0.2690319797774075,1.1647878582757432
spaP,virulence,861,920,890.0,0.0,0.03238095238095238,-0.0,-0.0,0.0
spaP,virulence,881,940,910.0,0.0032719836400817988,0.0440251572327044,0.0722752279511912,-0.0,0.4260061136129464
spaP,virulence,901,960,930.0,0.003261977573904178,0.036825396825396824,0.0865750720452294,-0.0,0.604465245803245
spaP,virulence,921,980,950.0,0.004075976196299012,0.02949402491736588,0.1358306192859632,-0.0,0.9117232278442353
spaP,virulence,941,1000,970.0,0.002933985330073349,0.004580152671755725,0.6398812289797909,0.0,1.2808555875582561
spaP,virulence,961,1020,990.0,0.002926829268292682,0.004615384615384616,0.6334298807108207,0.0,1.502781632160959
spaP,virulence,981,1040,1010.0,0.0014702278853222246,0.009097801364670205,0.16077804119660505,0.0,0.9338348473021947
spaP,virulence,1001,1060,1030.0,0.0,0.008823529411764706,-0.0,0.0,-0.0
spaP,virulence,1021,1080,1050.0,0.0033710570671803505,0.009623095429029671,0.34884136990412284,0.0,1.9522471572347273
spaP,virulence,1041,1100,1070.0,0.0033873699491894496,0.004735595895816889,0.7146540730357136,0.0,2.2445629480456035
spaP,virulence,1061,1120,1090.0,0.0033629594042757617,0.00485044462409054,0.6926397759081413,0.0,1.9642835430515984
spaP,virulence,1081,1140,1110.0,0.00393120393120393,0.012030075187969926,0.3250059836724319,0.0,0.7842775000047071
spaP,virulence,1101,1160,1130.0,0.005392156862745096,0.025757575757575757,0.20646995681068456,-0.0,1.2315987209047115
spaP,virulence,1121,1180,1150.0,0.005432098765432098,0.037037037037037035,0.14353512968282783,-0.0,1.277613442405068
spaP,virulence,1141,1200,1170.0,0.0014888337468982626,0.035036496350364967,0.04153456576397251,-0.0,0.3318889400823475
spaP,virulence,1161,1220,1190.0,0.0,0.052307692307692305,-0.0,-0.0,0.0
spaP,virulence,1181,1240,1210.0,0.0,0.05820105820105819,-0.0,-0.0,0.0
spaP,virulence,1201,1260,1230.0,0.0,0.06096866096866095,-0.0,-0.0,0.0
spaP,virulence,1221,1280,1250.0,0.0024922118380062298,0.029761904761904757,0.08220228371232675,-0.0,0.6092995331451937
spaP,virulence,1241,1300,1270.0,0.0024864024864024855,0.010810810810810808,0.2287099369325929,0.0,0.9866511384399592
spaP,virulence,1261,1320,1290.0,0.0062893081761006275,0.0,,,
spaP,virulence,1281,1340,1310.0,0.0063492063492063475,0.0,,,
spaP,virulence,1301,1360,1330.0,0.006319115323854659,0.005084745762711863,1.2437889802013011,0.0,3.046483961985459
spaP,virulence,1321,1380,1350.0,0.002480620155038759,0.010909090909090906,0.2261065249986827,0.0,0.9705970205829291
spaP,virulence,1341,1400,1370.0,0.002485243864554209,0.01083032490974729,0.22818828246965958,0.0,1.2072154511479476
spaP,virulence,1361,1420,1390.0,0.0025086233929131384,0.005226480836236933,0.4791106305657862,0.0,1.4812415381309214
spaP,virulence,1381,1440,1410.0,0.005138086062941553,0.0,,,
spaP,virulence,1401,1460,1430.0,0.002503912363067292,0.010526315789473682,0.2365936271256678,-0.0,1.310101698925987
spaP,virulence,1421,1480,1450.0,0.018864982850015585,0.02135231316725978,0.8820127014055085,0.14884763449176913,4.8915727623838245
spaP,virulence,1441,1500,1470.0,0.019221753398968585,0.031746031746031744,0.6003042486465711,0.143827823083088,2.3415808719042244
spaP,virulence,1461,1520,1490.0,0.019778099372889525,0.019138755980861243,1.033856008720321,0.24670952124387371,5.857357060631898
spaP,virulence,1481,1540,1510.0,0.002863961813842481,0.021487603305785117,0.13161727698038042,-0.0,0.7802609219935029
spaP,virulence,1501,1560,1530.0,0.0015706806282722507,0.012389380530973448,0.12585817229598914,0.0,0.314920483121006
spaP,virulence,1521,1580,1550.0,0.006289308176100629,0.014583333333333334,0.428860935278671,0.0,1.0664373465477661
spaP,virulence,1541,1600,1570.0,0.006622516556291389,0.015533980582524271,0.42376779687336913,0.0,1.1216422386587384
spaP,virulence,1561,1620,1590.0,0.006430868167202571,0.027184466019417475,0.23325189730256574,-0.0,1.700734804977374
spaP,virulence,1581,1640,1610.0,0.0016129032258064514,0.03414634146341464,0.046201100156773464,-0.0,0.32406441050679063
ftf,virulence,1,60,30.0,0.007681564245810056,0.01694915254237288,0.45038212179007897,0.10419216947901998,0.9299860842573237
ftf,virulence,21,80,50.0,0.004383657724004908,0.012195121951219513,0.35757552336945875,0.11387494222891077,0.8209655825663131
ftf,virulence,41,100,70.0,0.010935143288084462,0.0,,,
ftf,virulence,61,120,90.0,0.010267303947601343,0.030968468468468468,0.32689026635037377,0.0576357311665038,2.3665932641314056
ftf,virulence,81,140,110.0,0.011774259033698737,0.05083655083655084,0.2254430688561235,-0.0,1.2321034179781274
ftf,virulence,101,160,130.0,0.0037426900584795315,0.056630824372759854,0.06372062506977005,-0.0,0.49243103921420894
ftf,virulence,121,180,150.0,0.01101190476190476,0.043835616438356165,0.24560159626180897,0.0,0.9089999281139752
ftf,virulence,141,200,170.0,0.008368200836820081,0.021052631578947368,0.3940869102199222,0.0,0.9497745244217435
ftf,virulence,161,220,190.0,0.006896551724137929,0.06060606060606061,0.109635690863612,-0.0,0.577277250750765
ftf,virulence,181,240,210.0,0.002521008403361344,0.05490196078431371,0.044290883156584616,-0.0,0.2694298262099989
ftf,virulence,201,260,230.0,0.0,0.07466666666666665,-0.0,-0.0,0.0
ftf,virulence,221,280,250.0,0.0,0.0,,,
ftf,virulence,241,300,270.0,0.0,0.0,,,
ftf,virulence,261,320,290.0,0.0,0.0,,,
ftf,virulence,281,340,310.0,0.0,0.0,,,
ftf,virulence,301,360,330.0,0.0,0.005607476635514017,-0.0,-0.0,0.0
ftf,virulence,321,380,350.0,0.0,0.005309734513274335,-0.0,0.0,-0.0
ftf,virulence,341,400,370.0,0.0,0.005357142857142856,-0.0,0.0,-0.0
ftf,virulence,361,420,390.0,0.0,0.0,,,
ftf,virulence,381,440,410.0,0.0,0.005660377358490565,-0.0,0.0,-0.0
ftf,virulence,401,460,430.0,0.0,0.018348623853211003,-0.0,0.0,-0.0
ftf,virulence,421,480,450.0,0.0014117647058823526,0.017391304347826084,0.08030722091969307,0.0,0.5505340291742192
ftf,virulence,441,500,470.0,0.0013921113689095122,0.012844036697247704,0.10755491746492869,0.0,0.31953113251329385
ftf,virulence,461,520,490.0,0.0016853932584269657,0.0,,,
ftf,virulence,481,540,510.0,0.0044817927170868336,0.0,,,
ftf,virulence,501,560,530.0,0.004469273743016759,0.0,,,
ftf,virulence,521,580,550.0,0.008679762448606668,0.005870841487279841,1.4812466581404078,0.0,2.8134447981612247
ftf,virulence,541,600,570.0,0.006439742410303586,0.01711026615969581,0.37366399872177675,-0.0,1.7008619584154228
ftf,virulence,561,620,590.0,0.007929104477611939,0.04016786570743404,0.19308711578275572,0.013808616756095736,1.2003434927864784
ftf,virulence,581,640,610.0,0.0028873917228103936,0.043944265809217564,0.06388452237523398,-0.0,0.3981678466111742
ftf,virulence,601,660,630.0,0.0014197823000473256,0.03634298693923907,0.038147959670459614,-0.0,0.25444851328331825
ftf,virulence,621,680,650.0,0.0,0.013986013986013983,-0.0,0.0,-0.0
ftf,virulence,641,700,670.0,0.0014275517487508918,0.005012531328320802,0.2841142868135655,0.0,1.0043811797894977
ftf,virulence,661,720,690.0,0.0014803849000740192,0.008908685968819597,0.16534755534100942,0.0,0.6602502202422367
ftf,virulence,681,740,710.0,0.0014914243102162562,0.013071895424836602,0.11320936262228311,-0.0,0.5857181200060994
ftf,virulence,701,760,730.0,0.0,0.009599999999999997,-0.0,0.0,-0.0
ftf,virulence,721,780,750.0,0.0025764895330112714,0.004761904761904761,0.5402718542516572,-0.0,1.7359211577576916
ftf,virulence,741,800,770.0,0.0025827280064568193,0.009039548022598869,0.28447909029172086,0.0,1.2881200506532229
ftf,virulence,761,820,790.0,0.003965303593556381,0.013008130081300813,0.3029831237243946,0.0,0.8636375300571432
ftf,virulence,781,840,810.0,0.0,0.029629629629629624,-0.0,0.0,-0.0
ftf,virulence,801,860,830.0,0.0,0.0,,,
ftf,virulence,821,880,850.0,0.0,0.0,,,
ftf,virulence,841,900,870.0,0.0,0.0,,,
ftf,virulence,861,920,890.0,0.025396825396825397,0.0,,,
ftf,virulence,881,940,910.0,0.014939309056956116,0.023088023088023088,0.6434776141122254,-0.0,1.1955667309373577
ftf,virulence,901,960,930.0,0.01358112937812723,0.01195814648729447,1.1369691739785501,0.1383242587009427,2.604578408016088
ftf,virulence,921,980,950.0,0.013033175355450233,0.01611863313990973,0.8068893243683454,0.12547680845617476,3.2370425432067087
ftf,virulence,941,1000,970.0,0.009038322487346349,0.005119453924914675,1.770140854681323,0.04347209571210739,3.449283399758345
ftf,virulence,961,1020,990.0,0.005791058605513087,0.0066518847006651885,0.8700861920427996,0.0,2.3010352099496854
ftf,virulence,981,1040,1010.0,0.003440860215053762,0.0,,,
ftf,virulence,1001,1060,1030.0,0.005992509363295878,0.0,,,
ftf,virulence,1021,1080,1050.0,0.0051036682615629965,0.011538461538461537,0.4404068440767769,0.0,1.446293926012918
luxS,virulence,1,60,30.0,0.006229036895064684,0.02338227297444263,0.2633203693650112,-0.0,2.048814503221084
luxS,virulence,21,80,50.0,0.004018969536210915,0.00478850758180367,0.8388622187412199,0.0,2.0211602287550217
luxS,virulence,41,100,70.0,0.0025715204114432656,0.01331203407880724,0.1917821187076125,0.0,1.045078473344164
luxS,virulence,61,120,90.0,0.0039701445132602825,0.008874098724348306,0.4459149213906475,0.0,0.9706304684138978
luxS,virulence,81,140,110.0,0.0014150943396226412,0.01436781609195402,0.09763626716259823,-0.0,0.5031663630968425
luxS,virulence,101,160,130.0,0.0014150943396226412,0.010344827586206895,0.1359751916480614,-0.0,0.6656406410915345
recA,control,1,60,30.0,0.0,0.0,,,
recA,control,21,80,50.0,0.0,0.0,,,
recA,control,41,100,70.0,0.0,0.0,,,
recA,control,61,120,90.0,0.0,0.0,,,
recA,control,81,140,110.0,0.0,0.004477611940298508,-0.0,0.0,-0.0
recA,control,101,160,130.0,0.0,0.004411764705882352,-0.0,0.0,-0.0
recA,control,121,180,150.0,0.0,0.004545454545454544,-0.0,0.0,-0.0
recA,control,141,200,170.0,0.0,0.004724409448818897,-0.0,-0.0,0.0
recA,control,161,220,190.0,0.0,0.018965517241379307,-0.0,0.0,-0.0
recA,control,181,240,210.0,0.0,0.026133333333333328,-0.0,-0.0,0.0
recA,control,201,260,230.0,0.0,0.021857923497267753,-0.0,0.0,-0.0
recA,control,221,280,250.0,0.0,0.008602150537634409,-0.0,-0.0,0.0
recA,control,241,300,270.0,0.0,0.0,,,
recA,control,261,320,290.0,0.0,0.0,,,
recA,control,281,340,310.0,0.0,0.0053097345132743345,-0.0,0.0,0.0
recA,control,301,360,330.0,0.0,0.005769230769230768,-0.0,0.0,-0.0
recA,control,321,380,350.0,0.0,0.020833333333333325,-0.0,0.0,-0.0
rpoB,control,1,60,30.0,0.0,0.0,,,
rpoB,control,21,80,50.0,0.0,0.0,,,
rpoB,control,41,100,70.0,0.0,0.0,,,
rpoB,control,61,120,90.0,0.0,0.0,,,
rpoB,control,81,140,110.0,0.0,0.0,,,
rpoB,control,101,160,130.0,0.0,0.0,,,
rpoB,control,121,180,150.0,0.0,0.01344086021505376,-0.0,0.0,-0.0
rpoB,control,141,200,170.0,0.0,0.03358395989974937,-0.0,-0.0,0.0
rpoB,control,161,220,190.0,0.0,0.03897435897435896,-0.0,-0.0,0.0
rpoB,control,181,240,210.0,0.0,0.028099173553719006,-0.0,-0.0,0.0
rpoB,control,201,260,230.0,0.0,0.005084745762711863,-0.0,0.0,-0.0
rpoB,control,221,280,250.0,0.0,0.0,,,
rpoB,control,241,300,270.0,0.0,0.012919896640826871,-0.0,0.0,-0.0
rpoB,control,261,320,290.0,0.0,0.01344086021505376,-0.0,0.0,-0.0
rpoB,control,281,340,310.0,0.0,0.022969187675070023,-0.0,-0.0,0.0
rpoB,control,301,360,330.0,0.0,0.013774104683195591,-0.0,0.0,-0.0
rpoB,control,321,380,350.0,0.0,0.013661202185792348,-0.0,0.0,-0.0
rpoB,control,341,400,370.0,0.0,0.004724409448818898,-0.0,-0.0,0.0
rpoB,control,361,420,390.0,0.0,0.009167303284950341,-0.0,0.0,-0.0
rpoB,control,381,440,410.0,0.0,0.030470186498555287,-0.0,-0.0,0.0
rpoB,control,401,460,430.0,0.0,0.0434207042626423,-0.0,-0.0,0.0
rpoB,control,421,480,450.0,0.0,0.07014492753623186,-0.0,-0.0,0.0
rpoB,control,441,500,470.0,0.0,0.0559957739038563,-0.0,-0.0,0.0
rpoB,control,461,520,490.0,0.0,0.0541125541125541,-0.0,-0.0,0.0
rpoB,control,481,540,510.0,0.0,0.03404471544715447,-0.0,-0.0,0.0
rpoB,control,501,560,530.0,0.0,0.02352941176470588,-0.0,-0.0,0.0
rpoB,control,521,580,550.0,0.0,0.031034482758620682,-0.0,-0.0,0.0
rpoB,control,541,600,570.0,0.0,0.047447447447447444,-0.0,-0.0,0.0
rpoB,control,561,620,590.0,0.0,0.05482866043613706,-0.0,-0.0,0.0
rpoB,control,581,640,610.0,0.0,0.05146198830409357,-0.0,-0.0,0.0
rpoB,control,601,660,630.0,0.0,0.021666666666666667,-0.0,-0.0,0.0
rpoB,control,621,680,650.0,0.0,0.02864583333333333,-0.0,-0.0,0.0
rpoB,control,641,700,670.0,0.0,0.02513661202185792,-0.0,0.0,-0.0
rpoB,control,661,720,690.0,0.0,0.024146981627296588,-0.0,0.0,-0.0
rpoB,control,681,740,710.0,0.001441961067051189,0.04250739843960183,0.032983653091665864,-0.0,0.2694021923101583
rpoB,control,701,760,730.0,0.0014489253803429121,0.03071220545406407,0.046249517757481304,-0.0,0.3869366529302294
rpoB,control,721,780,750.0,0.0014015416958654517,0.049448912719690194,0.02742387573314006,-0.0,0.1984704561182981
rpoB,control,741,800,770.0,0.0,0.02042042042042042,-0.0,-0.0,0.0
rpoB,control,761,820,790.0,0.0,0.019710144927536227,-0.0,-0.0,0.0
rpoB,control,781,840,810.0,0.0,0.004838709677419353,-0.0,0.0,-0.0
rpoB,control,801,860,830.0,0.0,0.01312335958005249,-0.0,0.0,-0.0
rpoB,control,821,880,850.0,0.0,0.012820512820512818,-0.0,0.0,-0.0
rpoB,control,841,900,870.0,0.0,0.017302798982188294,-0.0,-0.0,0.0
rpoB,control,861,920,890.0,0.0,0.013953488372093021,-0.0,-0.0,0.0
rpoB,control,881,940,910.0,0.0,0.02275132275132275,-0.0,-0.0,0.0
rpoB,control,901,960,930.0,0.0,0.017302798982188294,-0.0,-0.0,0.0
rpoB,control,921,980,950.0,0.0,0.008142493638676845,-0.0,0.0,-0.0
rpoB,control,941,1000,970.0,0.0,0.0,,,
rpoB,control,961,1020,990.0,0.0,0.004838709677419353,-0.0,0.0,-0.0
rpoB,control,981,1040,1010.0,0.0,0.01888888888888889,-0.0,-0.0,0.0
rpoB,control,1001,1060,1030.0,0.0,0.027548209366391185,-0.0,-0.0,0.0
rpoB,control,1021,1080,1050.0,0.0,0.023361823361823363,-0.0,-0.0,0.0
rpoB,control,1041,1100,1070.0,0.001438848920863309,0.008672086720867207,0.16511460824868418,0.0,0.38121285631914764
rpoB,control,1061,1120,1090.0,0.00144578313253012,0.0,,,
rpoB,control,1081,1140,1110.0,0.0014778325123152708,0.0,,,
rpoB,control,1101,1160,1130.0,0.0,0.0,,,
rpoB,control,1121,1180,1150.0,0.0,0.0,,,
rpoB,control,1141,1200,1170.0,0.0,0.0,,,
gyrB,control,1,60,30.0,0.0,0.09939393939393937,-0.0,-0.0,0.0
gyrB,control,21,80,50.0,0.0,0.1533333333333333,-0.0,-0.0,0.0
gyrB,control,41,100,70.0,0.0,0.14418859649122803,-0.0,-0.0,0.0
gyrB,control,61,120,90.0,0.0,0.13631687242798354,-0.0,-0.0,0.0
gyrB,control,81,140,110.0,0.0,0.08742402992052362,-0.0,-0.0,0.0
gyrB,control,101,160,130.0,0.0,0.08284313725490196,-0.0,-0.0,0.0
gyrB,control,121,180,150.0,0.0,0.044444444444444446,-0.0,-0.0,0.0
gyrB,control,141,200,170.0,0.0,0.032183908045977004,-0.0,-0.0,0.0
gyrB,control,161,220,190.0,0.0,0.051282051282051266,-0.0,-0.0,0.0
gyrB,control,181,240,210.0,0.0,0.05660377358490564,-0.0,-0.0,0.0
gyrB,control,201,260,230.0,0.0,0.03647798742138364,-0.0,-0.0,0.0
gyrB,control,221,280,250.0,0.0,0.013999999999999995,-0.0,0.0,-0.0
gyrB,control,241,300,270.0,0.0,0.030630630630630623,-0.0,-0.0,0.0
gyrB,control,261,320,290.0,0.0,0.03148148148148147,-0.0,-0.0,0.0
gyrB,control,281,340,310.0,0.0,0.04482758620689654,-0.0,-0.0,0.0
gyrB,control,301,360,330.0,0.0,0.027586206896551717,-0.0,-0.0,0.0
gyrB,control,321,380,350.0,0.0,0.06557377049180327,-0.0,-0.0,0.0
gyrB,control,341,400,370.0,0.0,0.037795275590551174,-0.0,-0.0,0.0
gyrB,control,361,420,390.0,0.0,0.03720930232558139,-0.0,-0.0,0.0
gyrB,control,381,440,410.0,0.0,0.008142493638676843,-0.0,0.0,-0.0
gyrB,control,401,460,430.0,0.0,0.021188630490956067,-0.0,-0.0,0.0
gyrB,control,421,480,450.0,0.0,0.03444444444444444,-0.0,-0.0,0.0
gyrB,control,441,500,470.0,0.0,0.033604336043360425,-0.0,-0.0,0.0
gyrB,control,461,520,490.0,0.0,0.020903954802259882,-0.0,0.0,-0.0
gyrB,control,481,540,510.0,0.0,0.013123359580052492,-0.0,0.0,-0.0
gyrB,control,501,560,530.0,0.002553055688527205,0.014729950900163663,0.17190921227098552,-0.0,1.0312685494748748
gyrB,control,521,580,550.0,0.004986753934860525,0.028520499108734394,0.17207477544948002,-0.0,0.9925363606522684
gyrB,control,541,600,570.0,0.004895211870888786,0.04094689699296224,0.11663730097115685,-0.0,0.5850769803308894
gyrB,control,561,620,590.0,0.002457757296466973,0.03459119496855345,0.0695140914382635,-0.0,0.4126661243794865
gyrB,control,581,640,610.0,0.0,0.02023809523809524,-0.0,-0.0,0.0
gyrA,control,1,60,30.0,0.0,0.0,,,
gyrA,control,21,80,50.0,0.0,0.0,,,
gyrA,control,41,100,70.0,0.0,0.0,,,
gyrA,control,61,120,90.0,0.0,0.0,,,
gyrA,control,81,140,110.0,0.0,0.0,,,
gyrA,control,101,160,130.0,0.0,0.0,,,
gyrA,control,121,180,150.0,0.0,0.0,,,
gyrA,control,141,200,170.0,0.0025889967637540445,0.0,,,
gyrA,control,161,220,190.0,0.002646815550041356,0.0,,,
gyrA,control,181,240,210.0,0.0026208026208026204,0.012531328320802004,0.20775113572723325,0.0,0.470750164971473
gyrA,control,201,260,230.0,0.0,0.01182033096926714,-0.0,-0.0,0.0
gyrA,control,221,280,250.0,0.0,0.013333333333333334,-0.0,0.0,-0.0
gyrA,control,241,300,270.0,0.0,0.0,,,
gyrA,control,261,320,290.0,0.0014251781472684082,0.008963585434173667,0.15819476580799013,0.0,0.4548845451760003
gyrA,control,281,340,310.0,0.0014285714285714281,0.017777777777777774,0.07947667025773518,0.0,0.327817252840206
gyrA,control,301,360,330.0,0.0013921113689095124,0.02507645259938837,0.05463206907728687,-0.0,0.337064506193397
gyrA,control,321,380,350.0,0.0,0.015290519877675837,-0.0,0.0,-0.0
gyrA,control,341,400,370.0,0.0,0.010434782608695648,-0.0,0.0,-0.0
gyrA,control,361,420,390.0,0.0,0.005172413793103447,-0.0,0.0,-0.0
gyrA,control,381,440,410.0,0.0,0.010084033613445375,-0.0,0.0,-0.0
gyrA,control,401,460,430.0,0.0,0.028490028490028484,-0.0,-0.0,0.0
gyrA,control,421,480,450.0,0.0014218009478672983,0.046892655367231625,0.029390134007891915,-0.0,0.07817420903389001
gyrA,control,441,500,470.0,0.0014150943396226414,0.07011494252873561,0.01924182536612317,-0.0,0.057662763625883025
gyrA,control,461,520,490.0,0.0014150943396226412,0.04655172413793102,0.02947266517513104,-0.0,0.08324888819789182
gyrA,control,481,540,510.0,0.0014457831325301203,0.03413333333333333,0.04142553100837819,-0.0,0.20297473366238028
gyrA,control,501,560,530.0,0.00144578313253012,0.01333333333333333,0.10757071393485419,0.0,0.59004681568108
gyrA,control,521,580,550.0,0.001463414634146341,0.01743589743589743,0.08303273284848016,-0.0,0.6355195385066272
gyrA,control,541,600,570.0,0.0,0.018133333333333328,-0.0,-0.0,0.0
gyrA,control,561,620,590.0,0.0,0.019209039548022593,-0.0,-0.0,0.0
gyrA,control,581,640,610.0,0.0,0.018888888888888886,-0.0,-0.0,0.0
gyrA,control,601,660,630.0,0.0,0.01538461538461538,-0.0,-0.0,0.0
gyrA,control,621,680,650.0,0.0,0.014285714285714282,-0.0,-0.0,0.0
gyrA,control,641,700,670.0,0.0,0.009677419354838707,-0.0,0.0,-0.0
gyrA,control,661,720,690.0,0.004037467700258397,0.01729559748427673,0.23136023001982456,-0.0,1.677038085335445
gyrA,control,681,740,710.0,0.004067024564828371,0.012288786482334868,0.32912849986758447,-0.0,0.9968962645930047
gyrA,control,701,760,730.0,0.004047272138578597,0.0171606864274571,0.23376831332590342,0.0,2.711936711168417
gyrA,control,721,780,750.0,0.0,0.004580152671755725,-0.0,0.0,-0.0
gyrA,control,741,800,770.0,0.0,0.004615384615384615,-0.0,-0.0,0.0
gyrA,control,761,820,790.0,0.0,0.009439528023598818,-0.0,0.0,-0.0
sodA,control,1,60,30.0,0.0014211274277593554,0.005093378607809846,0.278329968951945,0.0,0.86531623056623
sodA,control,21,80,50.0,0.001421800947867298,0.005084745762711863,0.2789363893973956,0.0,0.6142636471624531
sodA,control,41,100,70.0,0.002877697841726618,0.009756097560975608,0.29360500889609475,0.0,1.360984406427993
sodA,control,61,120,90.0,0.0043175821539937626,0.009748172217709178,0.44129875634557836,0.0,1.3045187010530503
sodA,control,81,140,110.0,0.002899251026818071,0.00951625693893735,0.3033126459405966,-0.0,0.9949585735197439
sodA,control,101,160,130.0,0.0014594989053758206,0.017067494181536073,0.08461899639024431,0.0,0.33300283798247576
sodA,control,121,180,150.0,0.0,0.021367521367521368,-0.0,0.0,-0.0
sodA,control,141,200,170.0,0.0,0.02704194260485651,-0.0,-0.0,0.0
pheS,control,1,60,30.0,0.0014447387430772934,0.01686972820993439,0.08475575059434938,-0.0,0.4824644885619347
pheS,control,21,80,50.0,0.0,0.03163444639718804,-0.0,-0.0,0.0
pheS,control,41,100,70.0,0.0014275517487508918,0.05402394876079085,0.02548512837443359,-0.0,0.1038982180204249
pheS,control,61,120,90.0,0.003040486477836453,0.07131280388978929,0.04065764200739062,-0.0,0.12523249039536374
pheS,control,81,140,110.0,0.0030015797788309627,0.0887005649717514,0.03186024325951844,-0.0,0.11004825941730177
pheS,control,101,160,130.0,0.001550748236023881,0.07811080835603994,0.018819868667086903,-0.0,0.07883814213670422
pheS,control,121,180,150.0,0.0,0.09623964308476735,-0.0,-0.0,0.0
pheS,control,141,200,170.0,0.0,0.08148148148148146,-0.0,-0.0,0.0
pheS,control,161,220,190.0,0.0,0.07749287749287748,-0.0,-0.0,0.0
pheS,control,181,240,210.0,0.0,0.06341189674523008,-0.0,-0.0,0.0
pheS,control,201,260,230.0,0.001421800947867298,0.060451977401129925,0.022579778707345666,-0.0,0.13306143264080508
pheS,control,221,280,250.0,0.0014251781472684082,0.08851540616246496,0.01514529885623561,-0.0,0.09934463735858298
pheS,control,241,300,270.0,0.0014157621519584706,0.07515777395295466,0.017893646787644952,-0.0,0.08166639985782628
pheS,control,261,320,290.0,0.004286734936889735,0.10990840965861781,0.036172999917901696,0.007149951588660789,0.09868181990878237
pheS,control,281,340,310.0,0.0042654028436018955,0.0807909604519774,0.05004036822276304,-0.0,0.15176109079799482
atpD,control,1,60,30.0,0.0,0.0,,,
atpD,control,21,80,50.0,0.0,0.0045801526717557245,-0.0,0.0,-0.0
atpD,control,41,100,70.0,0.0,0.004195804195804196,-0.0,-0.0,0.0
atpD,control,61,120,90.0,0.0,0.012820512820512818,-0.0,0.0,-0.0
atpD,control,81,140,110.0,0.0,0.008333333333333331,-0.0,0.0,-0.0
atpD,control,101,160,130.0,0.0,0.00808080808080808,-0.0,0.0,-0.0
atpD,control,121,180,150.0,0.0,0.0,,,
atpD,control,141,200,170.0,0.0,0.0,,,
atpD,control,161,220,190.0,0.0,0.005172413793103447,-0.0,0.0,-0.0
atpD,control,181,240,210.0,0.0,0.0048,-0.0,0.0,-0.0
atpD,control,201,260,230.0,0.0,0.01798941798941799,-0.0,0.0,-0.0
atpD,control,221,280,250.0,0.0,0.011990407673860911,-0.0,0.0,-0.0
atpD,control,241,300,270.0,0.0,0.024197530864197528,-0.0,0.0,-0.0
atpD,control,261,320,290.0,0.0,0.02,-0.0,-0.0,0.0
atpD,control,281,340,310.0,0.0,0.021212121212121206,-0.0,-0.0,0.0
atpD,control,301,360,330.0,0.0,0.008888888888888889,-0.0,0.0,-0.0
atpD,control,321,380,350.0,0.0,0.012598425196850394,-0.0,-0.0,0.0
atpD,control,341,400,370.0,0.0,0.02116402116402116,-0.0,0.0,-0.0
atpD,control,361,420,390.0,0.0,0.02259887005649717,-0.0,0.0,-0.0
atpD,control,381,440,410.0,0.0,0.008333333333333331,-0.0,-0.0,0.0
atpD,control,401,460,430.0,0.0,0.0,,,
tuf,control,1,60,30.0,0.0,0.004651162790697674,-0.0,0.0,-0.0
tuf,control,21,80,50.0,0.0,0.015151515151515152,-0.0,-0.0,-0.0
tuf,control,41,100,70.0,0.0,0.03999999999999999,-0.0,-0.0,0.0
tuf,control,61,120,90.0,0.0,0.05,-0.0,-0.0,0.0
tuf,control,81,140,110.0,0.0,0.046933333333333334,-0.0,-0.0,0.0
tuf,control,101,160,130.0,0.0,0.04355108877721943,-0.0,-0.0,0.0
tuf,control,121,180,150.0,0.0,0.032646048109965624,-0.0,-0.0,0.0
tuf,control,141,200,170.0,0.0,0.03380782918149465,-0.0,-0.0,0.0
tuf,control,161,220,190.0,0.0,0.027118644067796606,-0.0,-0.0,0.0
tuf,control,181,240,210.0,0.0,0.024615384615384612,-0.0,-0.0,0.0
tuf,control,201,260,230.0,0.0,0.020398009950248756,-0.0,-0.0,0.0
tuf,control,221,280,250.0,0.0,0.00909090909090909,-0.0,0.0,-0.0
tuf,control,241,300,270.0,0.0,0.009677419354838708,-0.0,0.0,-0.0
tuf,control,261,320,290.0,0.0,0.017886178861788615,-0.0,0.0,-0.0
tuf,control,281,340,310.0,0.0,0.012903225806451613,-0.0,0.0,-0.0
tuf,control,301,360,330.0,0.0,0.013333333333333332,-0.0,0.0,-0.0
tuf,control,321,380,350.0,0.0,0.011111111111111108,-0.0,0.0,-0.0
