,A,C,D,E,F,G,H,I,K,L,M,N,P,Q,R,S,T,V,W,Y
722,-2.585,-2.585,4.073,-2.585,-2.585,-2.585,-2.585,-2.585,-2.585,-2.585,-2.585,-2.585,-2.585,-2.585,-2.585,-2.585,-2.585,-2.585,-2.585,-2.585
723,-2.585,-2.585,-2.585,-2.585,-2.585,3.814,-2.585,-2.585,-2.585,-2.585,-2.585,-2.585,-2.585,-2.585,-2.585,1.555,-2.585,-2.585,-2.585,-2.585
724,-2.585,-2.585,-2.585,-2.585,-2.585,-2.585,-2.585,3.041,-2.585,0.993,-2.585,-2.585,-2.585,-2.585,-2.585,-2.585,-2.585,2.796,-2.585,-2.585
725,-2.585,-2.585,-2.585,-2.585,-2.585,-2.585,-2.585,-2.585,-2.585,-2.585,-2.585,-2.585,-2.585,-2.585,4.073,-2.585,-2.585,-2.585,-2.585,-2.585
726,-2.585,-2.585,-2.585,-2.585,-2.585,-2.585,-2.585,0.759,-2.585,-2.585,-2.585,-2.585,-2.585,-2.585,-2.585,-2.585,-2.585,3.936,-2.585,-2.585
727,-2.585,-2.585,4.073,-2.585,-2.585,-2.585,-2.585,-2.585,-2.585,-2.585,-2.585,-2.585,-2.585,-2.585,-2.585,-2.585,-2.585,-2.585,-2.585,-2.585
728,4.073,-2.585,-2.585,-2.585,-2.585,-2.585,-2.585,-2.585,-2.585,-2.585,-2.585,-2.585,-2.585,-2.585,-2.585,-2.585,-2.585,-2.585,-2.585,-2.585
729,-2.585,-2.585,-2.585,-2.585,-2.585,-2.585,-2.585,-2.585,-2.585,0.993,-2.585,-2.585,-2.585,-2.585,-2.585,-2.585,-2.585,3.908,-2.585,-2.585
730,-2.585,-2.585,4.073,-2.585,-2.585,-2.585,-2.585,-2.585,-2.585,-2.585,-2.585,-2.585,-2.585,-2.585,-2.585,-2.585,-2.585,-2.585,-2.585,-2.585
731,-2.585,-2.585,-2.585,-2.585,-2.585,-2.585,-2.585,-2.585,-2.585,-2.585,-2.585,4.073,-2.585,-2.585,-2.585,-2.585,-2.585,-2.585,-2.585,-2.585
732,-2.585,-2.585,-2.585,-2.585,-2.585,-2.585,-2.585,-2.585,-2.585,-2.585,-2.585,-2.585,-2.585,-2.585,-2.585,-2.585,-2.585,4.073,-2.585,-2.585
