module,metric,label,n_virulence,n_control,median_virulence,median_control,cliffs_delta,ci_low,ci_high,p,q_bh
M2 composition,gc,GC content,6,8,0.3969075779393693,0.4037384494027496,-0.4583333333333333,-1.0,0.1666666666666666,0.1811521811521811,0.3623043623043623
M2 composition,gc3,GC3,6,8,0.2984769235341318,0.2670609793744122,0.375,-0.25,0.9166666666666666,0.2823842823842824,0.3765123765123765
M2 composition,cai,CAI,6,8,0.557679933813336,0.577983142740719,-0.2916666666666667,-0.8333333333333334,0.3333333333333333,0.4135864135864136,0.4135864135864136
M2 composition,gc_skew,GC skew,6,8,0.0547263248279533,0.1234787410104883,-0.5833333333333334,-1.0,0.0,0.0812520812520812,0.325008325008325
M3 conservation,mean_pid_Smutans,mean aa identity,6,8,99.0648454328672,99.8954415954416,-0.9583333333333334,-1.0,-0.75,0.0036382418317056,0.0054578037438405
M3 conservation,mean_entropy_Smutans,mean per-site entropy,6,8,0.0193117504413128,0.0020556004858839,0.9166666666666666,0.625,1.0,0.0054578037438405,0.0054578037438405
M4 phylogeny,nRF_within_Smutans,RF distance to reference,6,8,1.0,1.0,0.25,0.0,0.625,0.2439934922805229,0.3659902384207844
M4 phylogeny,n_supported_conflicts,supported conflicting splits,6,8,4.0,3.0,0.4166666666666667,-0.125,0.875,0.1841379633780379,0.3659902384207844
M5 selection,omega,dN/dS (omega),6,8,0.1563899109071573,0.0193705130214677,0.875,0.5,1.0,0.0080622493842932,0.0120933740764399
M5 selection,dN,dN,6,8,0.0042732812662679,0.000452060403883,0.9166666666666666,0.625,1.0,0.0054578037438405,0.0120933740764399
M5 selection,dS,dS,6,8,0.0299381991580643,0.0167914809167215,0.4166666666666667,-0.2083333333333333,0.9166666666666666,0.2284382284382284,0.2284382284382284
